"nombre";"ultimoClub";"nuevoClub";"coste";"mercado";"IDF";"ID"
"Kylian Mbappé";"Monaco";"Paris SG";135000000;"VERANO";1;231747
"Philippe Coutinho";"FC Liverpool";"FC Barcelona";130000000;"INVIERNO";2;189242
"Cristiano Ronaldo";"Real Madrid";"Juventus";117000000;"VERANO";3;20801
"Kepa";"Athletic";"Chelsea";80000000;"VERANO";4;206585
"Virgil van Dijk";"FC Southampton";"FC Liverpool";78800000;"INVIERNO";5;203376
"Thomas Lemar";"Monaco";"Atlético Madrid";70000000;"VERANO";6;213565
"Riyad Mahrez";"Leicester City";"Manchester City";67800000;"VERANO";7;204485
"Diego Costa";"Chelsea";"Atlético Madrid";66000000;"INVIERNO";8;179844
"Aymeric Laporte";"Athletic";"Manchester City";65000000;"INVIERNO";9;212218
"Pierre-Emerick Aubameyang";"Bor. Dortmund";"FC Arsenal";63750000;"INVIERNO";10;188567
"Alisson";"AS Roma";"FC Liverpool";62500000;"VERANO";11;212831
"Naby Keïta";"RB Leipzig";"FC Liverpool";60000000;"VERANO";12;220971
"Fred";"Shakhtar D.";"Man Utd.";59000000;"VERANO";13;209297
"Jorginho";"SSC Napoli";"Chelsea";57000000;"VERANO";14;220184
"Fabinho";"Monaco";"FC Liverpool";45000000;"VERANO";15;209499
"Malcom";"G. Bordeaux";"FC Barcelona";41000000;"VERANO";17;222737
"João Cancelo";"Valencia CF";"Juventus";40400000;"VERANO";18;210514
"Cédric Bakambu";"Villarreal CF";"BJ Sinobo Guoan";40000000;"INVIERNO";19;198951
"Douglas Costa";"Bayern Múnich";"Juventus";40000000;"VERANO";20;190483
"Gonçalo Guedes";"Paris SG";"Valencia CF";40000000;"VERANO";21;224411
"Richarlison";"Watford";"Everton";39200000;"VERANO";22;231943
"Radja Nainggolan";"AS Roma";"Inter de Milán";38000000;"VERANO";23;178518
"Felipe Anderson";"Lazio";"West Ham Utd.";38000000;"VERANO";24;201995
"Thilo Kehrer";"FC Schalke 04";"Paris SG";37000000;"VERANO";25;226229
"Clément Lenglet";"Sevilla FC";"FC Barcelona";35900000;"VERANO";26;220440
"Mattia Caldara";"Juventus";"AC Milan";35000000;"VERANO";27;220477
"Leonardo Bonucci";"AC Milan";"Juventus";35000000;"VERANO";28;184344
"Thibaut Courtois";"Chelsea";"Real Madrid";35000000;"VERANO";29;192119
"Iñigo Martínez";"Real Sociedad";"Athletic";32000000;"INVIERNO";30;204525
"Yannick Carrasco";"Atlético Madrid";"DL Yifang";30000000;"INVIERNO";33;208418
"Lucas Torreira";"UC Sampdoria";"FC Arsenal";30000000;"VERANO";34;223959
"Jean Michaël Seri";"OGC Nice";"FC Fulham";30000000;"VERANO";35;216451
"Aleksandr Golovin";"CSKA Moscú";"Monaco";30000000;"VERANO";36;225663
"Álvaro Odriozola";"Real Sociedad";"Real Madrid";30000000;"VERANO";37;234035
"Fabián Ruiz";"Real Betis";"SSC Napoli";30000000;"VERANO";38;226271
"Lucas Moura";"Paris SG";"Tottenham";28400000;"INVIERNO";40;200949
"Abdou Diallo";"1.FSV Mainz 05";"Bor. Dortmund";28000000;"VERANO";41;225711
"Jefferson Lerma";"Levante UD";"Bournemouth";28000000;"VERANO";42;213991
"Steven Nzonzi";"Sevilla FC";"AS Roma";26650000;"VERANO";43;187936
"Samu Castillejo";"Villarreal CF";"AC Milan";25000000;"VERANO";44;210617
"Bernd Leno";"Bay. Leverkusen";"FC Arsenal";25000000;"VERANO";45;192563
"Jannik Vestergaard";"Bor. M'gladbach";"FC Southampton";25000000;"VERANO";46;202849
"James Maddison";"Norwich";"Leicester City";25000000;"VERANO";47;220697
"Kevin Strootman";"AS Roma";"Marseille";25000000;"VERANO";48;189712
"Simone Verdi";"FC Bologna";"SSC Napoli";25000000;"VERANO";49;196889
"Geoffrey Kondogbia";"Inter de Milán";"Valencia CF";25000000;"VERANO";50;201455
"Issa Diop";"Toulouse";"West Ham Utd.";25000000;"VERANO";51;231633
"André Zambo Anguissa";"Marseille";"FC Fulham";24850000;"VERANO";52;227236
"Javier Pastore";"Paris SG";"AS Roma";24700000;"VERANO";53;191180
"Yuri Berchiche";"Paris SG";"Athletic";24000000;"VERANO";54;183512
"Alassane Pléa";"OGC Nice";"Bor. M'gladbach";23000000;"VERANO";55;206467
"André Ayew";"West Ham Utd.";"Swansea City";22800000;"INVIERNO";56;176571
"Cenk Tosun";"Besiktas";"Everton";22500000;"INVIERNO";57;192991
"Theo Walcott";"FC Arsenal";"Everton";22500000;"INVIERNO";58;164859
"Guido Carrillo";"Monaco";"FC Southampton";22000000;"INVIERNO";59;215334
"Ricardo Pereira";"FC Porto";"Leicester City";22000000;"VERANO";60;210243
"Diogo Dalot";"FC Porto";"Man Utd.";22000000;"VERANO";61;234574
"Moussa Dembélé";"Celtic FC";"Olymp. Lyonnais";22000000;"VERANO";62;211591
"Manuel Akanji";"FC Basel";"Bor. Dortmund";21500000;"INVIERNO";63;229237
"Mariano Díaz";"Olymp. Lyonnais";"Real Madrid";21500000;"VERANO";64;221639
"Caglar Söyüncü";"SC Freiburg";"Leicester City";21100000;"VERANO";65;232119
"Lucas Digne";"FC Barcelona";"Everton";20200000;"VERANO";67;200458
"Aleksandar Mitrovic";"Newcastle Utd.";"FC Fulham";20200000;"VERANO";68;215716
"Rodri";"Villarreal CF";"Atlético Madrid";20000000;"VERANO";70;198631
"Axel Witsel";"TJ Quanjian";"Bor. Dortmund";20000000;"VERANO";71;177413
"Thomas Delaney";"Werder Bremen";"Bor. Dortmund";20000000;"VERANO";72;193283
"Emerson";"AS Roma";"Chelsea";20000000;"INVIERNO";73;210736
"Terence Kongolo";"Monaco";"Huddersfield";20000000;"VERANO";74;203485
"Benjamin Henrichs";"Bay. Leverkusen";"Monaco";20000000;"VERANO";75;228579
"William Carvalho";"Sporting CP";"Real Betis";20000000;"VERANO";77;207566
"Quincy Promes";"Spartak Moskva";"Sevilla FC";20000000;"VERANO";78;208808
"Rolando Mandragora";"Juventus";"Udinese Calcio";20000000;"VERANO";79;225439
"Gerard Moreno";"Espanyol";"Villarreal CF";20000000;"VERANO";80;208093
"Andriy Yarmolenko";"Bor. Dortmund";"West Ham Utd.";20000000;"VERANO";81;194794
"Adama Traoré";"Middlesbrough";"Wolverhampton";20000000;"VERANO";82;225151
"Alireza Jahanbakhsh";"AZ Alkmaar";"Brighton";19000000;"VERANO";83;215871
"Duje Caleta-Car";"RB Salzburg";"Marseille";19000000;"VERANO";84;225263
"Arturo Vidal";"Bayern Múnich";"FC Barcelona";18000000;"VERANO";86;181872
"Karl Toko Ekambi";"SCO Angers";"Villarreal CF";18000000;"VERANO";87;224069
"Justin Kluivert";"AFC Ajax";"AS Roma";17250000;"VERANO";88;236920
"Jürgen Locadia";"PSV Eindhoven";"Brighton";17000000;"INVIERNO";89;204366
"Olivier Giroud";"FC Arsenal";"Chelsea";17000000;"INVIERNO";90;178509
"Duván Zapata";"SSC Napoli";"UC Sampdoria";17000000;"VERANO";91;215333
"Yves Bissouma";"LOSC Lille";"Brighton";16900000;"VERANO";92;236480
"Ross Barkley";"Everton";"Chelsea";16900000;"INVIERNO";93;199189
"Ben Gibson";"Middlesbrough";"FC Burnley";16900000;"VERANO";94;200408
"Alfie Mawson";"Swansea City";"FC Fulham";16850000;"VERANO";95;208534
"Ahmed Musa";"Leicester City";"Nasr";16500000;"VERANO";96;201818
"Daley Blind";"Man Utd.";"AFC Ajax";16000000;"VERANO";97;190815
"Sokratis";"Bor. Dortmund";"FC Arsenal";16000000;"VERANO";98;172879
"Sebastian Rudy";"Bayern Múnich";"FC Schalke 04";16000000;"VERANO";99;189251
"Lautaro Martínez";"Racing Club";"Inter de Milán";16000000;"VERANO";100;231478
"Nordi Mukiele";"Montpellier";"RB Leipzig";16000000;"VERANO";101;226166
"Badou Ndiaye";"Galatasaray";"Stoke City";16000000;"INVIERNO";102;221000
"Kévin Gameiro";"Atlético Madrid";"Valencia CF";16000000;"VERANO";103;176600
"Grégoire Defrel";"Sassuolo";"AS Roma";15000000;"VERANO";104;202851
"Joaquín Correa";"Sevilla FC";"Lazio";15000000;"VERANO";105;215330
"João Carvalho";"Benfica";"Nottm Forest";15000000;"VERANO";106;231391
"Matheus Cunha";"FC Sion";"RB Leipzig";15000000;"VERANO";107;240243
"Ibrahim Amadou";"LOSC Lille";"Sevilla FC";15000000;"VERANO";108;211382
"Joris Gnagnon";"Rennes";"Sevilla FC";15000000;"VERANO";109;231361
"Mouctar Diakhaby";"Olymp. Lyonnais";"Valencia CF";15000000;"VERANO";110;230578
"Xherdan Shaqiri";"Stoke City";"FC Liverpool";14700000;"VERANO";112;193348
"Nikola Kalinic";"AC Milan";"Atlético Madrid";14500000;"VERANO";113;185431
"Rodolfo Pizarro";"Chivas";"Monterrey";14500000;"VERANO";115;210761
"Diego Laxalt";"Genoa CFC";"AC Milan";14000000;"VERANO";116;213400
"Danny Ward";"FC Liverpool";"Leicester City";14000000;"VERANO";117;194319
"Rachid Ghezzal";"Monaco";"Leicester City";14000000;"VERANO";118;210372
"Jean-Eudes Aholou";"R. Strasbourg";"Monaco";14000000;"VERANO";119;220905
"Francis Coquelin";"FC Arsenal";"Valencia CF";14000000;"INVIERNO";120;189271
"Daniel Ginczek";"VfB Stuttgart";"VfL Wolfsburg";14000000;"VERANO";121;192445
"Diogo Jota";"Atlético Madrid";"Wolverhampton";14000000;"VERANO";122;224458
"Davy Klaassen";"Everton";"Werder Bremen";13500000;"VERANO";123;203483
"Sandro Wagner";"TSG Hoffenheim";"Bayern Múnich";13000000;"INVIERNO";124;184069
"Gerard Deulofeu";"FC Barcelona";"Watford";13000000;"VERANO";125;202477
"Alex Pritchard";"Norwich";"Huddersfield";12350000;"INVIERNO";126;205351
"Ezequiel Barco";"Independiente";"Atlanta United";12280000;"INVIERNO";127;236007
"Matej Vydra";"Derby";"FC Burnley";12200000;"VERANO";128;198331
"Mitchell Weiser";"Hertha Berlin";"Bay. Leverkusen";12000000;"VERANO";130;206591
"Diego Rico";"CD Leganés";"Bournemouth";12000000;"VERANO";131;220414
"Mattia Perin";"Genoa CFC";"Juventus";12000000;"VERANO";132;198009
"Nacer Chadli";"West Brom";"Monaco";12000000;"VERANO";134;200529
"Maximiliano Romero";"Vélez Sarsfield";"PSV Eindhoven";12000000;"INVIERNO";135;227903
"Marcelo Saracchi";"River Plate";"RB Leipzig";12000000;"VERANO";136;240976
"Mikel Merino";"Newcastle Utd.";"Real Sociedad";12000000;"VERANO";137;225193
"Kévin Malcuit";"LOSC Lille";"SSC Napoli";12000000;"VERANO";138;198949
"M'Baye Niang";"AC Milan";"Torino";12000000;"VERANO";139;204077
"Jeison Murillo";"Inter de Milán";"Valencia CF";12000000;"VERANO";140;201377
"Willy Boly";"FC Porto";"Wolverhampton";12000000;"VERANO";141;202750
"Dusan Tadic";"FC Southampton";"AFC Ajax";11400000;"VERANO";144;199434
"Josh Murphy";"Norwich";"Cardiff";11400000;"VERANO";145;206083
"Benik Afobe";"Bournemouth";"Wolverhampton";11400000;"VERANO";146;202052
"Bobby Reid";"Bristol City";"Cardiff";11350000;"VERANO";147;203502
"David Brooks";"Sheffield Utd.";"Bournemouth";11300000;"VERANO";148;220196
"Angus Gunn";"Manchester City";"FC Southampton";11300000;"VERANO";149;216325
"Tom Ince";"Huddersfield";"Stoke City";11200000;"VERANO";150;200521
"Santiago Arias";"PSV Eindhoven";"Atlético Madrid";11000000;"VERANO";151;204259
"Jonathan Viera";"UD Las Palmas";"BJ Sinobo Guoan";11000000;"INVIERNO";152;198164
"Gianluca Lapadula";"AC Milan";"Genoa CFC";11000000;"VERANO";153;211302
"Martin Terrier";"LOSC Lille";"Olymp. Lyonnais";11000000;"INVIERNO";155;236786
"Cheikhou Kouyaté";"West Ham Utd.";"Crystal Palace";10700000;"VERANO";157;186801
"Yoshinori Muto";"1.FSV Mainz 05";"Newcastle Utd.";10700000;"VERANO";158;228717
"Suat Serdar";"1.FSV Mainz 05";"FC Schalke 04";10500000;"VERANO";159;230065
"Giuliano";"Fenerbahce";"Nasr";10500000;"VERANO";160;184942
"Marc Bartra";"Bor. Dortmund";"Real Betis";10500000;"INVIERNO";161;198141
"Wout Weghorst";"AZ Alkmaar";"VfL Wolfsburg";10500000;"VERANO";162;223689
"Odsonne Edouard";"Paris SG";"Celtic FC";10300000;"VERANO";163;233866
"Djaniny";"Santos Laguna";"Ahli";10240000;"VERANO";164;205427
"Jordan Hugill";"Preston NE";"West Ham Utd.";10200000;"INVIERNO";165;220862
"Bernardo";"RB Leipzig";"Brighton";10000000;"VERANO";166;204347
"Leonardo Pavoletti";"SSC Napoli";"Cagliari";10000000;"VERANO";167;205850
"Borja Iglesias";"Celta de Vigo";"Espanyol";10000000;"VERANO";168;224179
"Diego Falcinelli";"Sassuolo";"FC Bologna";10000000;"VERANO";169;193077
"Omar Mascarell";"Real Madrid";"FC Schalke 04";10000000;"VERANO";170;208620
"Vitinho";"CSKA Moscú";"Flamengo";10000000;"VERANO";171;237369
"Adama Diakhaby";"Monaco";"Huddersfield";10000000;"VERANO";172;234924
"Francesco Acerbi";"Sassuolo";"Lazio";10000000;"VERANO";173;199845
"Jordan Amavi";"Aston Villa";"Marseille";10000000;"VERANO";174;219681
"Pelé";"Rio Ave FC";"Monaco";10000000;"VERANO";175;194020
"Antonio Barreca";"Torino";"Monaco";10000000;"VERANO";176;220493
"Danilo";"Braga";"OGC Nice";10000000;"VERANO";177;216283
"Myziane Maolida";"Olymp. Lyonnais";"OGC Nice";10000000;"VERANO";178;234333
"Diafra Sakho";"West Ham Utd.";"Rennes";10000000;"INVIERNO";179;193554
"Federico Di Francesco";"FC Bologna";"Sassuolo";10000000;"VERANO";180;213814
"Soualiho Meïté";"Monaco";"Torino";10000000;"VERANO";181;205391
"Santiago Cáseres";"Vélez Sarsfield";"Villarreal CF";10000000;"VERANO";182;236527
"Davide Santon";"Inter de Milán";"AS Roma";9500000;"VERANO";183;189484
"Patrik Schick";"UC Sampdoria";"AS Roma";9000000;"VERANO";184;234236
"Lukasz Skorupski";"AS Roma";"FC Bologna";9000000;"VERANO";186;189908
"Antonino La Gumina";"US Palermo";"FC Empoli";9000000;"VERANO";187;228378
"Riccardo Saponara";"FC Empoli";"Fiorentina";9000000;"VERANO";188;201046
"Germán Pezzella";"Real Betis";"Fiorentina";9000000;"VERANO";189;193601
"Fedor Smolov";"Krasnodar";"Loko Moskva";9000000;"VERANO";190;187491
"Jordan Siebatcheu";"Reims";"Rennes";9000000;"VERANO";191;227558
"Khouma Babacar";"Fiorentina";"Sassuolo";9000000;"VERANO";192;197231
"Pablo Maffeo";"Man City U23";"VfB Stuttgart";9000000;"VERANO";193;221342
"Ramiro Funes Mori";"Everton";"Villarreal CF";9000000;"VERANO";194;199667
"Nikola Vukcevic";"Braga";"Levante UD";8900000;"VERANO";195;221016
"Guido Pizarro";"Sevilla FC";"Tigres UANL";8700000;"VERANO";196;207939
"Robin Olsen";"FC Copenhague";"AS Roma";8500000;"VERANO";199;207557
"Alban Lafont";"Toulouse";"Fiorentina";8500000;"VERANO";200;231691
"Samuel Kalu";"KAA Gent";"G. Bordeaux";8500000;"VERANO";201;237207
"Nordin Amrabat";"Watford";"Nasr";8500000;"VERANO";202;183108
"Aleix Vidal";"FC Barcelona";"Sevilla FC";8500000;"VERANO";204;202493
"Hassane Bandé";"KV Mechelen";"AFC Ajax";8250000;"VERANO";206;239718
"Jean-Philippe Mateta";"Olymp. Lyonnais";"1.FSV Mainz 05";8000000;"VERANO";207;236461
"Gabriel";"CD Leganés";"Benfica";8000000;"VERANO";208;232580
"Fran Beltrán";"Rayo Vallecano";"Celta de Vigo";8000000;"VERANO";209;235997
"Sergi Darder";"Olymp. Lyonnais";"Espanyol";8000000;"VERANO";210;202648
"Mattéo Guendouzi";"FC Lorient";"FC Arsenal";8000000;"VERANO";211;236496
"Anthony Limbombe";"Club Brugge";"FC Nantes";8000000;"VERANO";212;201938
"Aden Flint";"Bristol City";"Middlesbrough";8000000;"VERANO";214;202408
"Tanguy Ndombélé";"SC Amiens";"Olymp. Lyonnais";8000000;"VERANO";215;235569
"Rafik Guitane";"AC Le Havre";"Rennes";8000000;"INVIERNO";216;235955
"Bubacarr Sanneh";"Midtjylland";"RSC Anderlecht";8000000;"VERANO";217;220302
"Samuel Gigot";"KAA Gent";"Spartak Moskva";8000000;"VERANO";218;219581
"Sofiane Hanni";"RSC Anderlecht";"Spartak Moskva";8000000;"INVIERNO";219;188536
"Kasim Adams";"BSC Young Boys";"TSG Hoffenheim";8000000;"VERANO";221;225673
"Ignacio Pussetto";"Huracán";"Udinese Calcio";8000000;"VERANO";222;219536
"Cristiano Piccini";"Sporting CP";"Valencia CF";8000000;"VERANO";223;201939
"Admir Mehmedi";"Bay. Leverkusen";"VfL Wolfsburg";8000000;"INVIERNO";224;188770
"Lukasz Fabianski";"Swansea City";"West Ham Utd.";8000000;"VERANO";225;164835
"Stuart Armstrong";"Celtic FC";"FC Southampton";7950000;"VERANO";226;202282
"Patrick Bamford";"Middlesbrough";"Leeds";7900000;"VERANO";227;206534
"Omar Colley";"KRC Genk";"UC Sampdoria";7750000;"VERANO";228;226536
"Pierre Kunde Malong";"Atlético Madrid";"1.FSV Mainz 05";7500000;"VERANO";229;240190
"Andrea Favilli";"Ascoli";"Juventus";7500000;"VERANO";230;226468
"Valon Berisha";"RB Salzburg";"Lazio";7500000;"VERANO";231;191783
"Sam Johnstone";"Man Utd.";"West Brom";7350000;"VERANO";233;206075
"Oghenekaro Etebo";"Feirense";"Stoke City";7200000;"VERANO";234;234457
"Jonny Castro";"Celta de Vigo";"Atlético Madrid";7000000;"VERANO";236;210455
"Martín Montoya";"Valencia CF";"Brighton";7000000;"VERANO";237;194644
"Néstor Araujo";"Santos Laguna";"Celta de Vigo";7000000;"VERANO";238;192041
"Paulinho";"Portimonense";"FC Porto";7000000;"VERANO";239;192165
"Salif Sané";"Hannover 96";"FC Schalke 04";7000000;"VERANO";240;201956
"Hamza Mendyl";"LOSC Lille";"FC Schalke 04";7000000;"VERANO";241;238346
"Federico Dimarco";"FC Sion";"Inter de Milán";7000000;"VERANO";242;226268
"Pol Lirola";"Juventus";"Sassuolo";7000000;"INVIERNO";244;235875
"Tomas Vaclik";"FC Basel";"Sevilla FC";7000000;"VERANO";245;204120
"Wahbi Khazri";"AFC Sunderland";"St-Étienne";7000000;"VERANO";246;194845
"Marcel Tisserand";"FC Ingolstadt";"VfL Wolfsburg";7000000;"VERANO";248;216247
"Carlos Bacca";"AC Milan";"Villarreal CF";7000000;"VERANO";249;207664
"Milot Rashica";"Vitesse";"Werder Bremen";7000000;"INVIERNO";250;229167
"Nicolás Castillo";"UNAM Pumas";"Benfica";6850000;"VERANO";251;212878
"Gary Madine";"Bolton";"Cardiff";6800000;"INVIERNO";252;184707
"Lewis Grabban";"Bournemouth";"Nottm Forest";6800000;"VERANO";253;172960
"Joe Bryan";"Bristol City";"FC Fulham";6700000;"VERANO";254;203505
"Federico Fernández";"Swansea City";"Newcastle Utd.";6700000;"VERANO";255;201988
"Sam Clucas";"Swansea City";"Stoke City";6700000;"VERANO";256;193884
"Lucas Castro";"Chievo Verona";"Cagliari";6500000;"VERANO";258;205633
"Valentino Lazaro";"RB Salzburg";"Hertha Berlin";6500000;"VERANO";260;211147
"Ramadan Sobhi";"Stoke City";"Huddersfield";6500000;"VERANO";261;233601
"Riza Durmisi";"Real Betis";"Lazio";6500000;"VERANO";262;211385
"Jason Denayer";"Manchester City";"Olymp. Lyonnais";6500000;"VERANO";263;220182
"Raphinha";"Vit. Guimarães";"Sporting CP";6500000;"VERANO";264;233419
"Ronaldo Vieira";"Leeds";"UC Sampdoria";6500000;"VERANO";265;233943
"Raúl Ruidíaz";"Morelia";"Sounders FC";6360000;"VERANO";266;204538
"Raphael Dwamena";"FC Zürich";"Levante UD";6200000;"VERANO";267;239907
"Moritz Bauer";"Rubin Kazan";"Stoke City";6200000;"INVIERNO";268;204904
"Moussa Niakhaté";"FC Metz";"1.FSV Mainz 05";6000000;"VERANO";269;225859
"Zakaria Labyad";"FC Utrecht";"AFC Ajax";6000000;"VERANO";270;198640
"Florin Andone";"RC Deportivo";"Brighton";6000000;"VERANO";272;225018
"Youssef En-Nesyri";"Málaga CF";"CD Leganés";6000000;"VERANO";273;235410
"Okay Yokuslu";"Trabzonspor";"Celta de Vigo";6000000;"VERANO";274;205201
"Federico Santander";"FC Copenhague";"FC Bologna";6000000;"VERANO";275;201335
"Fabri";"Besiktas";"FC Fulham";6000000;"VERANO";276;177723
"Majeed Waris";"FC Lorient";"FC Porto";6000000;"VERANO";277;198420
"Walace";"Hamburgo";"Hannover 96";6000000;"VERANO";279;222844
"Bafétimbi Gomis";"Galatasaray";"Hilal";6000000;"VERANO";281;159145
"Uros Spajic";"RSC Anderlecht";"Krasnodar";6000000;"VERANO";282;215892
"Ronaël Pierre-Gabriel";"St-Étienne";"Monaco";6000000;"VERANO";283;231685
"Érick Gutiérrez";"CF Pachuca";"PSV Eindhoven";6000000;"VERANO";285;220854
"Diego Rolan";"G. Bordeaux";"RC Deportivo";6000000;"VERANO";286;213114
"Héctor Moreno";"AS Roma";"Real Sociedad";6000000;"INVIERNO";287;173432
"William Bianda";"Lens";"Roma U19";6000000;"VERANO";288;239502
"Marlon";"FC Barcelona";"Sassuolo";6000000;"VERANO";289;215703
"Roque Mesa";"Swansea City";"Sevilla FC";6000000;"VERANO";290;204277
"Igor Coronado";"US Palermo";"Sharjah FC";6000000;"VERANO";291;202599
"Tomás Rincón";"Juventus";"Torino";6000000;"VERANO";292;191053
"Leonardo Bittencourt";"1.FC Köln";"TSG Hoffenheim";6000000;"VERANO";293;203106
"Daniel Wass";"Celta de Vigo";"Valencia CF";6000000;"VERANO";294;172522
"Milton Caraglio";"Atlas";"CD Cruz Azul";5980000;"VERANO";296;192373
"Elías Hernández";"León";"CD Cruz Azul";5940000;"VERANO";297;186302
"Nico Gaitán";"Atlético Madrid";"DL Yifang";5750000;"INVIERNO";299;184144
"Éder";"Inter de Milán";"JS Suning";5700000;"VERANO";300;178311
"André Horta";"Benfica";"Los Angeles FC";5700000;"VERANO";301;226370
"Paddy McNair";"AFC Sunderland";"Middlesbrough";5700000;"VERANO";302;213697
"Ricardo Centurión";"Genoa CFC";"Racing Club";5700000;"INVIERNO";303;211267
"Martyn Waghorn";"Ipswich";"Derby";5600000;"VERANO";304;183706
"James McClean";"West Brom";"Stoke City";5600000;"VERANO";305;198489
"João Moutinho";"Monaco";"Wolverhampton";5600000;"VERANO";306;162347
"José Fonte";"West Ham Utd.";"DL Yifang";5570000;"INVIERNO";307;171791
"Fabio Borini";"AFC Sunderland";"AC Milan";5500000;"VERANO";308;186200
"Rasmus Kristensen";"Midtjylland";"AFC Ajax";5500000;"INVIERNO";309;233301
"Walter Montoya";"Sevilla FC";"CD Cruz Azul";5500000;"INVIERNO";310;224461
"Javier Mascherano";"FC Barcelona";"HB CFFC";5500000;"INVIERNO";311;142754
"Denzel Dumfries";"Heerenveen";"PSV Eindhoven";5500000;"VERANO";313;233096
"Angeliño";"Man City U23";"PSV Eindhoven";5500000;"VERANO";314;220651
"Fernando";"Palmeiras";"Shakhtar D.";5500000;"VERANO";315;205288
"Mário Rui";"AS Roma";"SSC Napoli";5500000;"INVIERNO";316;204614
"Vincenzo Grifo";"Bor. M'gladbach";"TSG Hoffenheim";5500000;"VERANO";317;212096
"Ishak Belfodil";"Standard Lieja";"TSG Hoffenheim";5500000;"VERANO";318;194728
"Dodô";"Inter de Milán";"UC Sampdoria";5500000;"INVIERNO";319;193571
"Carlos Eduardo";"Goiás EC";"Pyramids FC";5200000;"VERANO";320;192708
"Carlos Izquierdoz";"Santos Laguna";"Boca Juniors";5150000;"VERANO";321;214766
"Jesús Gallardo";"UNAM Pumas";"Monterrey";5150000;"VERANO";322;226045
"Adam Forshaw";"Middlesbrough";"Leeds";5100000;"INVIERNO";323;193910
"Marco Tumminello";"AS Roma";"Atalanta";5000000;"VERANO";325;232064
"Bryan Cristante";"Benfica";"Atalanta";5000000;"VERANO";326;208268
"Federico Mattiello";"Juventus";"Atalanta";5000000;"INVIERNO";328;220466
"Pietro Iemmello";"Sassuolo";"Benevento";5000000;"VERANO";329;209613
"Esteban Andrada";"Lanús";"Boca Juniors";5000000;"VERANO";330;205849
"Marius Wolf";"E. de Francfort";"Bor. Dortmund";5000000;"VERANO";331;224425
"José Manuel Arnáiz";"FC Barcelona B";"CD Leganés";5000000;"VERANO";332;231530
"Mathias Jensen";"Nordsjælland";"Celta de Vigo";5000000;"VERANO";333;229723
"Kaveh Rezaei";"RSC Charleroi";"Club Brugge";5000000;"VERANO";334;239593
"Juan Iturbe";"AS Roma";"Club Tijuana";5000000;"VERANO";335;199151
"Carlos Salcedo";"Chivas";"E. de Francfort";5000000;"VERANO";338;212888
"Moussa Wagué";"KAS Eupen";"FC Barcelona B";5000000;"VERANO";339;237156
"Christian Kouamé";"Cittadella";"Genoa CFC";5000000;"VERANO";340;235866
"Ignasi Miquel";"Málaga CF";"Getafe CF";5000000;"VERANO";341;196935
"Nemanja Maksimovic";"Valencia CF";"Getafe CF";5000000;"VERANO";342;239433
"Johan Mojica";"Rayo Vallecano";"Girona FC";5000000;"VERANO";343;214026
"Marc Muniesa";"Stoke City";"Girona FC";5000000;"VERANO";344;192766
"Florent Hadergjonaj";"FC Ingolstadt";"Huddersfield";5000000;"VERANO";346;220620
"Moses Simon";"KAA Gent";"Levante UD";5000000;"VERANO";348;216820
"Benedikt Höwedes";"FC Schalke 04";"Loko Moskva";5000000;"VERANO";349;179784
"Carlos Vela";"Real Sociedad";"Los Angeles FC";5000000;"INVIERNO";350;169416
"Jonathan Ikoné";"Paris SG";"LOSC Lille";5000000;"VERANO";351;234612
"Christophe Hérelle";"Troyes";"OGC Nice";5000000;"VERANO";353;208449
"Lenny Pintor";"Stade Brestois";"Olymp. Lyonnais";5000000;"VERANO";354;240941
"Juan Bernat";"Bayern Múnich";"Paris SG";5000000;"VERANO";355;205069
"Álvaro García";"Cádiz CF";"Rayo Vallecano";5000000;"VERANO";356;216447
"Luca Waldschmidt";"Hamburgo";"SC Freiburg";5000000;"VERANO";359;220085
"Sergi Gómez";"Celta de Vigo";"Sevilla FC";5000000;"VERANO";360;199577
"Rémy Cabella";"Marseille";"St-Étienne";5000000;"VERANO";361;193476
"Firmin Mubele";"Rennes";"Toulouse";5000000;"VERANO";362;218970
"Fabrício";"Portimonense";"Urawa Reds";5000000;"VERANO";364;202350
"Gonzalo Castro";"Bor. Dortmund";"VfB Stuttgart";5000000;"VERANO";365;174379
"Jérôme Roussillon";"Montpellier";"VfL Wolfsburg";5000000;"VERANO";366;202562
"Adam Masina";"FC Bologna";"Watford";5000000;"VERANO";367;225410
"Dodi Lukebakio";"RSC Charleroi";"Watford";5000000;"INVIERNO";368;231416
"Ahmed Hegazy";"Ahly";"West Brom";5000000;"INVIERNO";369;210648
"Rafael Silva";"Urawa Reds";"WH Zall";5000000;"INVIERNO";370;207676
"Orlando Sá";"Standard Lieja";"HN Jianye";4800000;"INVIERNO";372;184136
"Jasmin Kurtic";"Atalanta";"SPAL";4800000;"VERANO";373;202061
"Augusto Fernández";"Atlético Madrid";"BJ Renhe";4500000;"INVIERNO";375;176915
"Andreas Poulsen";"Midtjylland";"Bor. M'gladbach";4500000;"VERANO";376;236875
"David Button";"FC Fulham";"Brighton";4500000;"VERANO";377;173533
"Silvan Widmer";"Udinese Calcio";"FC Basel";4500000;"VERANO";378;216158
"Mattias Svanberg";"Malmö FF";"FC Bologna";4500000;"VERANO";379;228946
"Chancel Mbemba";"Newcastle Utd.";"FC Porto";4500000;"VERANO";380;210897
"Krzysztof Piatek";"Cracovia Kraków";"Genoa CFC";4500000;"VERANO";381;223113
"Genki Haraguchi";"Hertha Berlin";"Hannover 96";4500000;"VERANO";382;217648
"Roland Sallai";"APOEL FC";"SC Freiburg";4500000;"VERANO";383;234171
"John Egan";"Brentford";"Sheffield Utd.";4500000;"VERANO";384;204936
"Abdoulay Diaby";"Club Brugge";"Sporting CP";4500000;"VERANO";385;202330
"Bruno Gaspar";"Fiorentina";"Sporting CP";4500000;"VERANO";386;225402
"Yuya Osako";"1.FC Köln";"Werder Bremen";4500000;"VERANO";387;191565
"Kyle Bartley";"Swansea City";"West Brom";4500000;"VERANO";388;186158
"Elmir Nabiullin";"Rubin Kazan";"Zenit S-Pb";4500000;"INVIERNO";389;222265
"Carlos Sánchez";"Fiorentina";"West Ham Utd.";4450000;"VERANO";390;182882
"Lucas Pérez";"FC Arsenal";"West Ham Utd.";4400000;"VERANO";391;199354
"Pierluigi Gollini";"Aston Villa";"Atalanta";4300000;"VERANO";392;211515
"Iván Marcone";"Lanús";"CD Cruz Azul";4280000;"VERANO";393;215057
"Ayrton Preciado";"CS Emelec";"Santos Laguna";4250000;"VERANO";394;241412
"Dimitri Oberlin";"RB Salzburg";"FC Basel";4100000;"VERANO";396;223151
"Jeremain Lens";"AFC Sunderland";"Besiktas";4090000;"VERANO";397;178416
"Dominick Drexler";"Midtjylland";"1.FC Köln";4000000;"VERANO";398;198617
"Nicolás Tagliafico";"Independiente";"AFC Ajax";4000000;"INVIERNO";399;211256
"John Guidetti";"Celta de Vigo";"Alavés";4000000;"VERANO";400;199602
"Antonio Mirante";"FC Bologna";"AS Roma";4000000;"VERANO";402;140293
"Arkadiusz Reca";"Wis?a P?ock";"Atalanta";4000000;"VERANO";403;234760
"Adam Webster";"Ipswich";"Bristol City";4000000;"VERANO";404;207616
"Greg Cunningham";"Preston NE";"Cardiff";4000000;"VERANO";405;198190
"Alex Smithies";"QPR";"Cardiff";4000000;"VERANO";406;184436
"Arnór Sigurdsson";"Norrköping";"CSKA Moscú";4000000;"VERANO";407;238196
"Ivan Oblyakov";"Ufa";"CSKA Moscú";4000000;"VERANO";408;234857
"Benjamin Verbic";"FC Copenhague";"Dynamo Kyiv";4000000;"INVIERNO";409;225997
"Mikkel Duelund";"Midtjylland";"Dynamo Kyiv";4000000;"VERANO";410;225931
"Maxime Le Marchand";"OGC Nice";"FC Fulham";4000000;"VERANO";411;192725
"Lucas Evangelista";"Udinese Calcio";"FC Nantes";4000000;"VERANO";412;215559
"João Pedro";"Palmeiras";"FC Porto";4000000;"VERANO";413;240290
"Bryan Dabo";"St-Étienne";"Fiorentina";4000000;"INVIERNO";416;199170
"Emre Akbaba";"Alanyaspor";"Galatasaray";4000000;"VERANO";417;230685
"Iván Alejo";"SD Eibar";"Getafe CF";4000000;"VERANO";418;231280
"Ezequiel Cerutti";"San Lorenzo";"Hilal";4000000;"INVIERNO";419;219525
"Jonny Evans";"West Brom";"Leicester City";4000000;"VERANO";420;169588
"Jack Harrison";"NYCFC";"Manchester City";4000000;"INVIERNO";421;232080
"Fabian Schär";"RC Deportivo";"Newcastle Utd.";4000000;"VERANO";422;210047
"Martin Dubravka";"Sparta Praha";"Newcastle Utd.";4000000;"VERANO";423;220407
"Lebo Mothiba";"LOSC Lille";"R. Strasbourg";4000000;"VERANO";425;237631
"Matz Sels";"Newcastle Utd.";"R. Strasbourg";4000000;"VERANO";426;199641
"Ghislain Konan";"Vit. Guimarães";"Reims";4000000;"VERANO";428;235634
"Clément Grenier";"Guingamp";"Rennes";4000000;"VERANO";429;187924
"Saman Ghoddos";"Östersund";"SC Amiens";4000000;"VERANO";430;231949
"Sergio Álvarez";"Sporting";"SD Eibar";4000000;"VERANO";431;199158
"Alberto Paloschi";"Atalanta";"SPAL";4000000;"VERANO";432;186961
"Baptiste Reynet";"Dijon";"Toulouse";4000000;"VERANO";434;204240
"Daniel Didavi";"VfL Wolfsburg";"VfB Stuttgart";4000000;"VERANO";435;193886
"Miguel Layún";"FC Porto";"Villarreal CF";4000000;"VERANO";436;178322
"Léo Bonatini";"Hilal";"Wolverhampton";4000000;"VERANO";438;220685
"Joe Hart";"Manchester City";"FC Burnley";3900000;"VERANO";439;150724
"Sam Baldock";"Brighton";"Reading";3900000;"VERANO";440;173859
"Jeremie Boga";"Chelsea U23";"Sassuolo";3900000;"VERANO";441;224422
"Pontus Dahlberg";"IFK Göteborg";"Watford";3900000;"INVIERNO";442;233763
"Juan Musso";"Racing Club";"Udinese Calcio";3850000;"VERANO";443;214979
"Nicolae Stanciu";"RSC Anderlecht";"Sparta Praha";3750000;"INVIERNO";445;212207
"Kenny Saief";"KAA Gent";"RSC Anderlecht";3700000;"VERANO";446;224813
"Johnathan";"Suwon Bluewings";"TJ Teda";3700000;"INVIERNO";447;192270
"Louis Schaub";"Rapid Viena";"1.FC Köln";3500000;"VERANO";449;210489
"Jean-Paul Boëtius";"Feyenoord";"1.FSV Mainz 05";3500000;"VERANO";450;205402
"Germán Conti";"Colón";"Benfica";3500000;"VERANO";451;221219
"Matej Mitrovic";"Besiktas";"Club Brugge";3500000;"VERANO";452;237209
"Lucas Torró";"Real Madrid";"E. de Francfort";3500000;"VERANO";453;208137
"Felipe Avenatti";"Luqueño";"FC Bologna";3500000;"VERANO";454;219988
"Christian Nörgaard";"Brøndby IF";"Fiorentina";3500000;"VERANO";455;210697
"Andrew Gravillon";"Benevento";"Pescara";3500000;"INVIERNO";458;239550
"Thomas Foket";"KAA Gent";"Reims";3500000;"VERANO";459;208509
"Nicolas N'Koulou";"Olymp. Lyonnais";"Torino";3500000;"VERANO";461;188829
"Joshua Brenet";"PSV Eindhoven";"TSG Hoffenheim";3500000;"VERANO";462;209818
"Lukasz Teodorczyk";"RSC Anderlecht";"Udinese Calcio";3500000;"VERANO";463;201013
"Jack Marriott";"Peterborough";"Derby";3400000;"VERANO";465;214876
"Cyrus Christie";"Middlesbrough";"FC Fulham";3400000;"INVIERNO";466;200778
"Silvio Romero";"América";"Independiente";3400000;"INVIERNO";468;214781
"Fernando Gaibor";"CS Emelec";"Independiente";3400000;"INVIERNO";469;233529
"Barry Douglas";"Wolverhampton";"Leeds";3400000;"VERANO";470;200443
"Connor Goldson";"Brighton";"Rangers FC";3400000;"VERANO";471;199580
"Bersant Celina";"Manchester City";"Swansea City";3400000;"VERANO";472;220198
"Andrés Ibargüen";"Racing Club";"América";3300000;"INVIERNO";474;225356
"Dan Burn";"Wigan";"Brighton";3300000;"VERANO";475;198032
"Federico Viviani";"Hellas Verona";"SPAL";3300000;"VERANO";476;202828
"William Troost-Ekong";"Bursaspor";"Udinese Calcio";3300000;"VERANO";477;213414
"Magomed Ozdoev";"Rubin Kazan";"Zenit S-Pb";3300000;"INVIERNO";479;200094
"Bruno Zuculini";"Hellas Verona";"River Plate";3250000;"INVIERNO";481;203864
"Percy Tau";"Sundowns";"Brighton";3200000;"VERANO";482;225144
"Damir Ceter";"Quindío";"Cagliari";3200000;"INVIERNO";483;236849
"Steven Skrzybski";"Union Berlin";"FC Schalke 04";3200000;"VERANO";484;200473
"Ognjen Vranjes";"AEK Atenas";"RSC Anderlecht";3200000;"VERANO";485;203624
"Peter Olayinka";"KAA Gent";"Slavia Praha";3200000;"VERANO";486;224739
"Franco Armani";"Atl. Nacional";"River Plate";3150000;"INVIERNO";487;214584
"John McGinn";"Hibernian FC";"Aston Villa";3100000;"VERANO";488;210881
"Florian Jozefzoon";"Brentford";"Derby";3100000;"VERANO";489;200113
"Vincent Koziello";"OGC Nice";"1.FC Köln";3000000;"INVIERNO";490;225199
"Simon Terodde";"VfB Stuttgart";"1.FC Köln";3000000;"INVIERNO";491;183714
"Örjan Nyland";"FC Ingolstadt";"Aston Villa";3000000;"VERANO";495;185427
"Ander Capa";"SD Eibar";"Athletic";3000000;"VERANO";496;216189
"Andrés Tello";"Juventus";"Benevento";3000000;"VERANO";497;222573
"Luca Antei";"Sassuolo";"Benevento";3000000;"VERANO";498;205529
"Vágner Love";"Alanyaspor";"Besiktas";3000000;"INVIERNO";499;137809
"Bruno Viana";"Olympiacos FC";"Braga";3000000;"VERANO";501;234226
"Federico Barba";"Sporting";"Chievo Verona";3000000;"VERANO";502;211557
"Siebe Schrijvers";"KRC Genk";"Club Brugge";3000000;"VERANO";504;209780
"Sebá";"Olympiacos FC";"CQ Dangdai Lif.";3000000;"VERANO";505;199412
"Goncalo Paciencia";"FC Porto";"E. de Francfort";3000000;"VERANO";506;216452
"Fredrik Jensen";"FC Twente";"FC Augsburg";3000000;"VERANO";507;234889
"André Hahn";"Hamburgo";"FC Augsburg";3000000;"VERANO";508;211862
"Jamiro Monteiro";"Heracles Almelo";"FC Metz";3000000;"VERANO";509;231150
"Ewerton";"Portimonense";"FC Porto";3000000;"VERANO";511;207943
"Saidy Janko";"St-Étienne";"FC Porto";3000000;"VERANO";512;220172
"Federico Ceccherini";"Crotone";"Fiorentina";3000000;"VERANO";513;210964
"Robert Piris";"San Lorenzo";"Flamengo";3000000;"VERANO";514;234037
"David Soria";"Sevilla FC";"Getafe CF";3000000;"VERANO";515;223952
"Arnaud Souquet";"OGC Nice";"KAA Gent";3000000;"VERANO";517;193470
"Giorgi Kvilitaia";"Rapid Viena";"KAA Gent";3000000;"VERANO";518;235812
"Samuel Grandsir";"Troyes";"Monaco";3000000;"VERANO";521;233550
"Gaëtan Laborde";"G. Bordeaux";"Montpellier";3000000;"VERANO";522;209519
"Denis Bouanga";"FC Lorient";"Nîmes Olympique";3000000;"VERANO";523;225951
"Youcef Atal";"KV Kortrijk";"OGC Nice";3000000;"VERANO";525;240754
"Stefan Mitrovic";"KAA Gent";"R. Strasbourg";3000000;"VERANO";526;209547
"Hyun-jun Suk";"Troyes";"Reims";3000000;"VERANO";528;195912
"Elias Cobbaut";"KV Mechelen";"RSC Anderlecht";3000000;"VERANO";529;232526
"Ivan Santini";"SM Caen";"RSC Anderlecht";3000000;"VERANO";530;208017
"Dominique Heintz";"1.FC Köln";"SC Freiburg";3000000;"VERANO";531;206198
"Olarenwaju Kayode";"Manchester City";"Shakhtar D.";3000000;"VERANO";532;211048
"Enzo Crivelli";"SCO Angers";"SM Caen";3000000;"VERANO";533;221740
"Seydou Doumbia";"AS Roma";"Sporting CP";3000000;"INVIERNO";534;188428
"Samuel Bastien";"Chievo Verona";"Standard Lieja";3000000;"VERANO";535;223926
"Mario Gómez";"VfL Wolfsburg";"VfB Stuttgart";3000000;"INVIERNO";536;150418
"Felix Klaus";"Hannover 96";"VfL Wolfsburg";3000000;"VERANO";537;202088
"Felix Beijmo";"Djurgarden";"Werder Bremen";3000000;"VERANO";538;238222
"Ezri Konsa";"Charlton";"Brentford";2850000;"VERANO";540;227678
"Tyler Roberts";"West Brom U23";"Leeds";2850000;"INVIERNO";541;228815
"Michael Lang";"FC Basel";"Bor. M'gladbach";2800000;"VERANO";542;184501
"Hördur Magnússon";"Bristol City";"CSKA Moscú";2800000;"VERANO";543;208522
"Frederik Rönnow";"Brøndby IF";"E. de Francfort";2800000;"VERANO";544;201269
"Marcelo Díaz";"UNAM Pumas";"Racing Club";2800000;"VERANO";545;176930
"Ben Foster";"West Brom";"Watford";2800000;"VERANO";546;163155
"Jaroslaw Jach";"Zag??bie";"Crystal Palace";2750000;"INVIERNO";547;223306
"Ryan Thomas";"PEC Zwolle";"PSV Eindhoven";2750000;"VERANO";548;220763
"Viktor Fischer";"1.FSV Mainz 05";"FC Copenhague";2700000;"INVIERNO";551;203965
"Ahmed El Shenawy";"Zamalek";"Pyramids FC";2650000;"VERANO";552;203766
"Alexandru Baluta";"CS U Craiova";"Slavia Praha";2650000;"VERANO";553;239117
"Michael Frey";"FC Zürich";"Fenerbahce";2640000;"VERANO";554;208159
"Florent Mollet";"FC Metz";"Montpellier";2600000;"VERANO";557;209288
"Miler Bolaños";"Grêmio";"Club Tijuana";2570000;"VERANO";558;207653
"Fernandão";"Fenerbahce";"Al-Wahda";2550000;"VERANO";560;190024
"Zhipeng Jiang";"GZ R&F";"HB CFFC";2550000;"INVIERNO";562;222273
"Brian Fernández";"Racing Club";"Necaxa";2530000;"VERANO";563;223245
"Kristian Pedersen";"Union Berlin";"Birmingham";2500000;"VERANO";564;234832
"Carlos Fierro";"Chivas";"CD Cruz Azul";2500000;"INVIERNO";565;192110
"Mariusz Stepinski";"FC Nantes";"Chievo Verona";2500000;"VERANO";566;208306
"Nenad Tomovi?";"Fiorentina";"Chievo Verona";2500000;"VERANO";567;194203
"Sofyan Amrabat";"Feyenoord";"Club Brugge";2500000;"VERANO";568;224158
"Harun Tekin";"Bursaspor";"Fenerbahce";2500000;"VERANO";572;199417
"Yuto Nagatomo";"Inter de Milán";"Galatasaray";2500000;"VERANO";573;194359
"Vitorino Antunes";"Dynamo Kyiv";"Getafe CF";2500000;"VERANO";574;178424
"Jonas Lössl";"1.FSV Mainz 05";"Huddersfield";2500000;"VERANO";578;172553
"Juninho Bacuna";"FC Groningen";"Huddersfield";2500000;"VERANO";579;226677
"Mattia Sprocati";"Salernitana";"Lazio";2500000;"VERANO";583;223332
"Philippe Sandler";"PEC Zwolle";"Manchester City";2500000;"VERANO";586;234679
"Onel Hernández";"E. Braunschweig";"Norwich";2500000;"INVIERNO";588;202017
"Guilherme";"RC Deportivo";"Olympiacos FC";2500000;"VERANO";589;200438
"Gaël Kakuta";"HB CFFC";"Rayo Vallecano";2500000;"VERANO";590;186197
"Vidar Örn Kjartansson";"M. Tel Aviv";"Rostov";2500000;"VERANO";591;221553
"Ryota Morioka";"Waasl.-Beveren";"RSC Anderlecht";2500000;"INVIERNO";592;232294
"Serdar Gürler";"Osmanlispor";"SD Huesca";2500000;"VERANO";593;196318
"Yacine Bammou";"FC Nantes";"SM Caen";2500000;"VERANO";595;223875
"Simone Missiroli";"Sassuolo";"SPAL";2500000;"VERANO";596;176553
"Uros Djurdjevic";"Olympiacos FC";"Sporting";2500000;"VERANO";597;221430
"Lumor";"Portimonense";"Sporting CP";2500000;"INVIERNO";598;237456
"Mehdi Carcela-González";"Granada CF";"Standard Lieja";2500000;"VERANO";599;184089
"Gojko Cimirot";"PAOK";"Standard Lieja";2500000;"INVIERNO";600;230850
"Mathieu Dossevi";"FC Metz";"Toulouse";2500000;"VERANO";601;183820
"Quenten Martinus";"Yokohama F. M.";"Urawa Reds";2500000;"INVIERNO";602;203588
"Odysseas Vlachodimos";"Panathinaikos";"Benfica";2430000;"VERANO";605;211990
"Lucas Galvão";"Rapid Viena";"FC Ingolstadt";2400000;"VERANO";606;230981
"Saúl Salcedo";"Olimpia";"Huracán";2400000;"VERANO";607;228730
"Jonathan Menéndez";"CA Talleres";"Independiente";2400000;"INVIERNO";608;235047
"Luis Pedro Cavanda";"Galatasaray";"Standard Lieja";2400000;"VERANO";609;200434
"Björn Johnsen";"ADO Den Haag";"AZ Alkmaar";2300000;"VERANO";611;235320
"Emmanuel Más";"Trabzonspor";"Boca Juniors";2300000;"INVIERNO";613;214955
"Mauro Zárate";"Watford";"Boca Juniors";2300000;"VERANO";614;153177
"Sandro";"Benevento";"Genoa CFC";2300000;"VERANO";615;190782
"Tobias Figueiredo";"Sporting CP";"Nottm Forest";2300000;"VERANO";616;212231
"Léo Jabá";"Akhmat Grozny";"PAOK";2300000;"VERANO";617;239953
"Alessio Da Cruz";"Novara";"Parma";2300000;"INVIERNO";618;230557
"Joel Asoro";"AFC Sunderland";"Swansea City";2300000;"VERANO";619;235855
"Lasse Vibe";"Brentford";"CC Yatai";2270000;"INVIERNO";622;184218
"Fabián Castillo";"Trabzonspor";"Club Tijuana";2260000;"VERANO";623;202858
"Andreas Weimann";"Derby";"Bristol City";2250000;"VERANO";625;194017
"Mehdi Bourabia";"Konyaspor";"Sassuolo";2250000;"VERANO";626;198220
"Ken Sema";"Östersund";"Watford";2250000;"VERANO";627;213750
"Martin Harnik";"Hannover 96";"Werder Bremen";2250000;"VERANO";628;177666
"Rúben Vinagre";"Monaco";"Wolverhampton";2250000;"VERANO";629;235172
"Thomas Didillon";"FC Metz";"RSC Anderlecht";2200000;"VERANO";632;219793
"Albin Ekdal";"Hamburgo";"UC Sampdoria";2200000;"VERANO";634;181318
"Josh Windass";"Rangers FC";"Wigan";2200000;"VERANO";636;219216
"Moussa Koné";"FC Zürich";"Dynamo Dresden";2160000;"INVIERNO";637;231344
"Mauro Arambarri";"Boston River";"Getafe CF";2150000;"VERANO";638;232665
"Ali Gabr";"Zamalek";"Pyramids FC";2150000;"VERANO";640;226077
"Juan Ferney Otero";"Estudiantes";"SC Amiens";2140000;"VERANO";641;224428
"Yairo Moreno";"Indep. Medellín";"León";2120000;"VERANO";642;221737
"Aldo Kalulu";"Olymp. Lyonnais";"FC Basel";2100000;"VERANO";645;230079
"Tino Kadewere";"Djurgarden";"AC Le Havre";2000000;"VERANO";650;230717
"Nicolas Kühn";"RB Leipzig U19";"Ajax B";2000000;"INVIERNO";653;239977
"Oussama Idrissi";"FC Groningen";"AZ Alkmaar";2000000;"INVIERNO";654;228747
"Milos Jojic";"1.FC Köln";"Basaksehir";2000000;"VERANO";655;221838
"Alfa Semedo";"Moreirense";"Benfica";2000000;"VERANO";656;239641
"Julian Jeanvier";"Reims";"Brentford";2000000;"VERANO";657;209840
"Joel Obi";"Torino";"Chievo Verona";2000000;"VERANO";659;193337
"Krépin Diatta";"Sarpsborg 08";"Club Brugge";2000000;"INVIERNO";660;238227
"Ante Budimir";"UC Sampdoria";"Crotone";2000000;"VERANO";661;188335
"Naïm Sliti";"LOSC Lille";"Dijon";2000000;"VERANO";662;205257
"Ante Rebic";"Fiorentina";"E. de Francfort";2000000;"VERANO";663;220018
"Marvin Ducksch";"FC St. Pauli";"F. Düsseldorf";2000000;"VERANO";664;197031
"Yoane Wissa";"SCO Angers";"FC Lorient";2000000;"INVIERNO";665;234824
"Fábio";"Middlesbrough";"FC Nantes";2000000;"VERANO";666;189680
"Ianis Hagi";"Fiorentina";"FC Viitorul";2000000;"INVIERNO";667;226568
"Cristiano Biraghi";"Pescara";"Fiorentina";2000000;"VERANO";668;201389
"Lukas Klünter";"1.FC Köln";"Hertha Berlin";2000000;"VERANO";669;229487
"Pascal Köpke";"Erzgebirge Aue";"Hertha Berlin";2000000;"VERANO";670;229271
"Braian Romero";"Argentinos";"Independiente";2000000;"INVIERNO";671;227528
"Leonardo Mancuso";"Pescara";"Juventus";2000000;"INVIERNO";672;224508
"Stephy Mavididi";"Arsenal U23";"Juventus U23";2000000;"VERANO";673;225783
"Vadis Odjidja-Ofoe";"Olympiacos FC";"KAA Gent";2000000;"VERANO";674;175895
"Trezeguet";"RSC Anderlecht";"Kasimpasa";2000000;"VERANO";676;226078
"Dmitri Stotskiy";"Ufa";"Krasnodar";2000000;"VERANO";677;227690
"Jakub Piotrowski";"Pogon Szczecin";"KRC Genk";2000000;"VERANO";679;229973
"Fousseni Diabaté";"G. Ajaccio";"Leicester City";2000000;"INVIERNO";680;236944
"Erick Cabaco";"Nacional";"Levante UD";2000000;"VERANO";681;236331
"Junior Sambia";"FC Niort";"Montpellier";2000000;"VERANO";683;223570
"Ihsan Sacko";"R. Strasbourg";"OGC Nice";2000000;"INVIERNO";685;235554
"Fabio Ceravolo";"Benevento";"Parma";2000000;"VERANO";686;173162
"Jacopo Dezi";"SSC Napoli";"Parma";2000000;"VERANO";687;206042
"Nicola Leali";"Juventus";"Perugia";2000000;"VERANO";688;201299
"Okechukwu Azubuike";"Y. Malatyaspor";"Pyramids FC";2000000;"VERANO";689;239049
"Ludovic Ajorque";"Clermont Foot";"R. Strasbourg";2000000;"VERANO";690;219733
"Ibrahima Sissoko";"Stade Brestois";"R. Strasbourg";2000000;"VERANO";691;231089
"Jérôme Onguéné";"VfB Stuttgart";"RB Salzburg";2000000;"VERANO";693;221323
"Romain Del Castillo";"Olymp. Lyonnais";"Rennes";2000000;"VERANO";694;231612
"Björn Sigurdarson";"Molde FK";"Rostov";2000000;"INVIERNO";695;190461
"Pavel Mogilevets";"Rostov";"Rubin Kazan";2000000;"INVIERNO";696;211088
"Dória";"Marseille";"Santos Laguna";2000000;"VERANO";697;209329
"Philipp Lienhart";"Real Madrid";"SC Freiburg";2000000;"VERANO";698;231366
"Pablo de Blasis";"1.FSV Mainz 05";"SD Eibar";2000000;"VERANO";699;210950
"Fabián Orellana";"Valencia CF";"SD Eibar";2000000;"VERANO";700;192492
"Casimir Ninga";"Montpellier";"SM Caen";2000000;"VERANO";702;231041
"Bartosz Salamon";"Cagliari";"SPAL";2000000;"VERANO";703;189558
"Mattia Vitale";"Juventus";"SPAL";2000000;"INVIERNO";704;225101
"Emiliano Viviano";"UC Sampdoria";"Sporting CP";2000000;"VERANO";705;168354
"Max Gradel";"Bournemouth";"Toulouse";2000000;"VERANO";706;182945
"Alejandro Arribas";"RC Deportivo";"UNAM Pumas";2000000;"INVIERNO";708;197890
"Marc Navarro";"Espanyol";"Watford";2000000;"VERANO";710;231600
"Rafa Mir";"V. Mestalla";"Wolverhampton";2000000;"INVIERNO";711;231628
"Adam Armstrong";"Newcastle Utd.";"Blackburn";1900000;"VERANO";712;221841
"Cyle Larin";"Orlando City SC";"Besiktas";1850000;"INVIERNO";714;226777
"Sebastián Villa";"Deportes Tolima";"Boca Juniors";1820000;"VERANO";715;233959
"Niklas Hauptmann";"Dynamo Dresden";"1.FC Köln";1800000;"VERANO";716;234385
"Rafael Czichos";"Holstein Kiel";"1.FC Köln";1800000;"VERANO";717;211826
"Marko Livaja";"UD Las Palmas";"AEK Atenas";1800000;"VERANO";718;205855
"Raúl Bobadilla";"Bor. M'gladbach";"Argentinos";1800000;"VERANO";719;183249
"Simone Ganz";"Pescara";"Ascoli";1800000;"INVIERNO";720;206210
"Albert Gudmundsson";"PSV Eindhoven";"AZ Alkmaar";1800000;"VERANO";721;238004
"Kayden Jackson";"Accrington St.";"Ipswich";1800000;"VERANO";723;216227
"Zinho Gano";"KV Oostende";"KRC Genk";1800000;"VERANO";724;204227
"Mohamed Buya Turay";"Dalkurd";"Sint-Truiden";1800000;"VERANO";726;237051
"Mauricio Martínez";"CA Rosario";"Racing Club";1755555;"VERANO";727;226798
"Eric Remedi";"CA Banfield";"Atlanta United";1750000;"VERANO";728;228838
"Anthony Lozano";"FC Barcelona B";"Girona FC";1750000;"INVIERNO";729;205495
"Carles Gil";"Aston Villa";"RC Deportivo";1750000;"VERANO";730;210930
"Renato Steffen";"FC Basel";"VfL Wolfsburg";1750000;"INVIERNO";732;210537
"Luis Reyes";"Atlas";"América";1720000;"VERANO";733;234578
"Saïd Benrahma";"OGC Nice";"Brentford";1700000;"VERANO";735;220621
"Alfredo Donnarumma";"FC Empoli";"Brescia";1700000;"VERANO";736;203668
"Mo Eisa";"Cheltenham Town";"Bristol City";1700000;"VERANO";737;239611
"Jack Hunt";"Sheff Wed";"Bristol City";1700000;"VERANO";738;193900
"Cameron Jerome";"Norwich";"Derby";1700000;"INVIERNO";739;165191
"Aaron Lennon";"Everton";"FC Burnley";1700000;"INVIERNO";741;152747
"Ritsu Doan";"Gamba Osaka";"FC Groningen";1700000;"VERANO";742;232639
"Khaled Narey";"Greuther Fürth";"Hamburgo";1700000;"VERANO";743;225206
"Reece Burke";"West Ham Utd.";"Hull City";1700000;"VERANO";744;221456
"Laurens De Bock";"Club Brugge";"Leeds";1700000;"INVIERNO";745;190572
"Lee Grant";"Stoke City";"Man Utd.";1700000;"VERANO";746;53739
"Ben Marshall";"Wolverhampton";"Norwich";1700000;"VERANO";748;193172
"Quique";"CA Osasuna";"RC Deportivo";1700000;"VERANO";749;189857
"Ben Wilmot";"FC Stevenage";"Watford";1700000;"VERANO";750;238389
"William Tesillo";"Indep. Santa Fe";"León";1670000;"VERANO";752;214169
"Cristian Romero";"Belgrano";"Genoa CFC";1650000;"VERANO";754;232488
"Matus Bero";"Trabzonspor";"Vitesse";1640000;"VERANO";756;235297
"Diego Braghieri";"Lanús";"Atl. Nacional";1600000;"INVIERNO";758;215050
"Rúnar Alex Rúnarsson";"Nordsjælland";"Dijon";1600000;"VERANO";760;222562
"Kenan Kodro";"1.FSV Mainz 05";"FC Copenhague";1600000;"VERANO";761;211068
"Vincent Laurini";"FC Empoli";"Fiorentina";1600000;"VERANO";762;210859
"Juan Cala";"Getafe CF";"HN Jianye";1600000;"INVIERNO";763;186519
"Alejandro Donatti";"Club Tijuana";"Racing Club";1600000;"INVIERNO";764;215162
"Theo Bongonda";"Celta de Vigo";"Zulte Waregem";1600000;"VERANO";766;217877
"Juan Garro";"CD Godoy Cruz";"Huracán";1550000;"VERANO";767;215168
"Benno Schmitz";"RB Leipzig";"1.FC Köln";1500000;"VERANO";770;222692
"Alan Dzabana";"Olymp. Lyon B";"AC Le Havre";1500000;"INVIERNO";771;238341
"Tomás Pina";"Club Brugge";"Alavés";1500000;"VERANO";772;198368
"João Novais";"Rio Ave FC";"Braga";1500000;"VERANO";777;229406
"Recio";"Málaga CF";"CD Leganés";1500000;"VERANO";780;201893
"Mats Rits";"KV Mechelen";"Club Brugge";1500000;"VERANO";781;191627
"Clinton Mata";"RSC Charleroi";"Club Brugge";1500000;"VERANO";783;208364
"Ahmad Benali";"Pescara";"Crotone";1500000;"VERANO";786;203782
"Konstantin Rausch";"1.FC Köln";"Dinamo Moskva";1500000;"INVIERNO";788;186274
"Benito Raman";"Standard Lieja";"F. Düsseldorf";1500000;"VERANO";789;200429
"Fabian Frei";"1.FSV Mainz 05";"FC Basel";1500000;"INVIERNO";790;183346
"Andrea Beghetto";"Genoa CFC";"Frosinone";1500000;"VERANO";794;235328
"Celso Borges";"RC Deportivo";"Göztepe";1500000;"VERANO";795;190799
"Nikolai Baden Frederiksen";"Nordsjaell. U19";"Juventus U19";1500000;"VERANO";796;240019
"Adis Jahovic";"Göztepe";"Konyaspor";1500000;"INVIERNO";797;212107
"Paolo Hurtado";"Vit. Guimarães";"Konyaspor";1500000;"VERANO";798;211124
"João Amaral";"Benfica";"Lech Poznan";1500000;"VERANO";799;234949
"Coke";"FC Schalke 04";"Levante UD";1500000;"VERANO";800;172316
"Rifat Zhemaletdinov";"Rubin Kazan";"Loko Moskva";1500000;"VERANO";801;233290
"Alexander Scholz";"Club Brugge";"Midtjylland";1500000;"VERANO";802;212253
"Moritz Leitner";"FC Augsburg";"Norwich";1500000;"VERANO";803;200857
"Emiliano Buendía";"Getafe CF";"Norwich";1500000;"VERANO";804;226162
"Dennis Srbeny";"SC Paderborn";"Norwich";1500000;"INVIERNO";805;239097
"Jonathan Biabiany";"Inter de Milán";"Parma";1500000;"VERANO";807;184312
"Aziz Behich";"Bursaspor";"PSV Eindhoven";1500000;"VERANO";808;202157
"Fayçal Fajr";"Getafe CF";"SM Caen";1500000;"VERANO";812;205083
"Alfred Gomis";"Torino";"SPAL";1500000;"VERANO";813;201976
"Aleksandr Tashaev";"Dinamo Moskva";"Spartak Moskva";1500000;"VERANO";814;224719
"Konstantinos Laifis";"Olympiacos FC";"Standard Lieja";1500000;"VERANO";815;234774
"David Timor";"Girona FC";"UD Las Palmas";1500000;"VERANO";817;199829
"Érick Torres";"Houston";"UNAM Pumas";1500000;"INVIERNO";819;199569
"Javi Fuego";"Espanyol";"Villarreal CF";1500000;"INVIERNO";820;146460
"Vyacheslav Karavaev";"Sparta Praha";"Vitesse";1500000;"INVIERNO";821;219409
"Anton Zabolotny";"Tosno";"Zenit S-Pb";1500000;"INVIERNO";822;194662
"Jens Martin Gammelby";"Silkeborg IF";"Brøndby IF";1470000;"VERANO";823;213835
"Mitchell Langerak";"Levante UD";"Nagoya Grampus";1450000;"INVIERNO";824;182435
"André Poko";"Karabükspor";"Göztepe";1400000;"INVIERNO";827;205998
"Florent Muslija";"Karlsruher SC";"Hannover 96";1400000;"VERANO";828;239696
"Pablo Hernández";"Celta de Vigo";"Independiente";1400000;"VERANO";829;179591
"Loïc Rémy";"UD Las Palmas";"LOSC Lille";1400000;"VERANO";830;179527
"Brian Lozano";"América";"Santos Laguna";1400000;"VERANO";831;230967
"Joe Garner";"Ipswich";"Wigan";1400000;"VERANO";833;169498
"Omar Alderete";"Cerro Porteño";"Huracán";1380000;"VERANO";834;240359
"Jack Hendry";"Dundee FC";"Celtic FC";1370000;"INVIERNO";835;225316
"Dieumerci Ndongala";"Standard Lieja";"KRC Genk";1350000;"VERANO";837;204908
"Marc McNulty";"Coventry City";"Reading";1350000;"VERANO";838;223104
"Florin Nita";"FCSB";"Sparta Praha";1350000;"INVIERNO";839;238033
"Brahian Alemán";"Gimnasia";"Al-Ettifaq";1300000;"VERANO";840;215018
"Sigurd Rosted";"Sarpsborg 08";"KAA Gent";1300000;"INVIERNO";843;227362
"Thibault Moulin";"Legia Warszawa";"PAOK";1300000;"INVIERNO";845;201257
"Leo Stulac";"Venezia";"Parma";1300000;"VERANO";846;240095
"Andrija Pavlovic";"FC Copenhague";"Rapid Viena";1300000;"VERANO";847;234636
"José Pozo";"UD Almería";"Rayo Vallecano";1300000;"VERANO";849;218746
"Jérôme Gondorf";"Werder Bremen";"SC Freiburg";1300000;"VERANO";850;211907
"Lucas Cavallini";"Peñarol";"Puebla FC";1290000;"VERANO";851;213095
"Artur";"São Paulo";"Columbus Crew";1270000;"INVIERNO";854;234122
"Bruno Silva";"Botafogo";"Cruzeiro";1260000;"INVIERNO";856;239920
"Idrissa Doumbia";"RSC Anderlecht";"Akhmat Grozny";1250000;"VERANO";858;234725
"Marko Vejinovi?";"Feyenoord";"AZ Alkmaar";1250000;"VERANO";859;189715
"Thorsten Röcher";"Sturm Graz";"FC Ingolstadt";1250000;"VERANO";860;202535
"Aaron Leya Iseka";"RSC Anderlecht";"Toulouse";1250000;"VERANO";862;223929
"Rafael Martins";"Vit. Guimarães";"ZJ Greentown";1250000;"VERANO";863;200984
"Henri Weigelt";"Arm. Bielefeld";"AZ Alkmaar";1200000;"VERANO";864;238131
"Emanuel Reynoso";"CA Talleres";"Boca Juniors";1200000;"INVIERNO";865;234468
"Eduardo";"Estoril";"Braga";1200000;"VERANO";866;232581
"Diogo Figueiras";"Olympiacos FC";"Braga";1200000;"INVIERNO";867;204401
"Javier Correa";"CD Godoy Cruz";"Colón";1200000;"INVIERNO";868;223593
"Julian Chabot";"Sparta R.";"FC Groningen";1200000;"VERANO";869;239340
"Ervin Zukanovic";"AS Roma";"Genoa CFC";1200000;"VERANO";870;190931
"Yohan Croizet";"KV Mechelen";"Kansas";1200000;"INVIERNO";871;205518
"Riccardo Gagliolo";"Carpi";"Parma";1200000;"VERANO";873;216067
"Magnus Eriksson";"Djurgarden";"Quakes";1200000;"INVIERNO";874;208437
"Jamie Murphy";"Brighton";"Rangers FC";1200000;"VERANO";875;189148
"Zakaria Bakkali";"Valencia CF";"RSC Anderlecht";1200000;"VERANO";877;208790
"Gastón Giménez";"Estudiantes";"Vélez Sarsfield";1200000;"VERANO";880;227772
"Fernando Monetti";"Lanús";"Atl. Nacional";1150000;"INVIERNO";882;215985
"Édison Flores";"Aalborg BK";"Morelia";1150000;"VERANO";883;210951
"Stefan Ristovski";"HNK Rijeka";"Sporting CP";1150000;"VERANO";885;205965
"Marvin Compper";"RB Leipzig";"Celtic FC";1140000;"INVIERNO";886;170231
"Erik Sviatchenko";"Celtic FC";"Midtjylland";1140000;"VERANO";887;199745
"Liam Walsh";"Everton U23";"Bristol City";1100000;"INVIERNO";888;239178
"Marley Watkins";"Norwich";"Bristol City";1100000;"VERANO";889;189776
"Adrian Mierzejewski";"Sydney FC";"CC Yatai";1100000;"VERANO";890;162280
"Lucas Höler";"SV Sandhausen";"SC Freiburg";1100000;"INVIERNO";891;234875
"Domingos Quina";"West Ham Utd.";"Watford";1100000;"VERANO";893;235450
"Cédric Kipré";"Motherwell FC";"Wigan";1100000;"VERANO";894;235458
"Lucas Villafañez";"Panathinaikos";"Alanyaspor";1000000;"INVIERNO";898;214973
"Ernest Asante";"Nordsjælland";"Al-Jazira";1000000;"VERANO";900;202374
"Emre Colak";"RC Deportivo";"Al-Wahda";1000000;"VERANO";901;199952
"Cristian Ganea";"FC Viitorul";"Athletic";1000000;"VERANO";902;239116
"Antonio Adán";"Real Betis";"Atlético Madrid";1000000;"VERANO";903;178086
"Leonardo Morosini";"Genoa CFC";"Brescia";1000000;"VERANO";905;223010
"Adriano Montalto";"Ternana";"Cremonese";1000000;"VERANO";909;204080
"Takuma Nishimura";"Vegalta Sendai";"CSKA Moscú";1000000;"VERANO";911;232479
"Mislav Orsic";"Ulsan";"Dinamo Zagreb";1000000;"VERANO";912;221174
"Goran Causic";"Arsenal Tula";"Estrella Roja";1000000;"VERANO";913;224600
"Jonas Omlin";"FC Luzern";"FC Basel";1000000;"VERANO";915;223550
"Robert Skov";"Silkeborg IF";"FC Copenhague";1000000;"INVIERNO";916;215449
"Simone Romagnoli";"Carpi";"FC Empoli";1000000;"INVIERNO";917;198857
"Jacob Rasmussen";"Rosenborg BK";"FC Empoli";1000000;"VERANO";918;234827
"Afriyie Acquah";"Torino";"FC Empoli";1000000;"VERANO";919;201223
"Konstantin Kerschbaumer";"Brentford";"FC Ingolstadt";1000000;"VERANO";920;227235
"Benedikt Gimber";"TSG Hoffenheim";"FC Ingolstadt";1000000;"VERANO";921;228883
"Yordan Osorio";"Tondela";"FC Porto";1000000;"VERANO";922;237297
"Cedric Teuchert";"1.FC Nürnberg";"FC Schalke 04";1000000;"INVIERNO";923;226050
"Raphael Rossi";"Boavista";"FC Sion";1000000;"VERANO";924;220090
"Simon Gustafson";"Feyenoord";"FC Utrecht";1000000;"VERANO";925;213613
"Raman Chibsah";"Benevento";"Frosinone";1000000;"VERANO";926;206109
"Luka Krajnc";"Cagliari";"Frosinone";1000000;"VERANO";927;205556
"Francesco Bardi";"Inter de Milán";"Frosinone";1000000;"VERANO";928;193786
"Paul Baysse";"Málaga CF";"G. Bordeaux";1000000;"INVIERNO";929;178031
"Guessouma Fofana";"SC Amiens";"Guingamp";1000000;"VERANO";931;234622
"Ben Rienstra";"AZ Alkmaar";"Heerenveen";1000000;"VERANO";932;200424
"Ibrahima Seck";"Waasl.-Beveren";"KRC Genk";1000000;"INVIERNO";936;215391
"Germán Mera";"Club Brugge";"KV Mechelen";1000000;"INVIERNO";937;214031
"Simone Rapp";"FC Thun";"Lausanne-Sport";1000000;"INVIERNO";938;229625
"Francesco Margiotta";"Juventus";"Lausanne-Sport";1000000;"INVIERNO";939;234890
"Aitor Fernández";"CD Numancia";"Levante UD";1000000;"VERANO";940;193314
"Armando Sadiku";"Legia Warszawa";"Levante UD";1000000;"INVIERNO";941;216479
"Facundo Píriz";"Nacional";"Montpellier";1000000;"VERANO";942;213325
"Alexander Fransson";"FC Basel";"Norrköping";1000000;"VERANO";943;213813
"Chuba Akpom";"FC Arsenal";"PAOK";1000000;"VERANO";945;213418
"Abdellah Zoubir";"Lens";"Qarabag Agdam";1000000;"VERANO";947;212934
"Guillermo Fernández";"CD Godoy Cruz";"Racing Club";1000000;"VERANO";948;211269
"Gabriel Arias";"Defensa";"Racing Club";1000000;"VERANO";949;223249
"Emiliano Velázquez";"Atlético Madrid";"Rayo Vallecano";1000000;"VERANO";950;225299
"Jordi Amat";"Swansea City";"Rayo Vallecano";1000000;"VERANO";951;198198
"Antonio Barragán";"Middlesbrough";"Real Betis";1000000;"VERANO";952;169426
"Rubén Alcaraz";"Girona FC";"Real Valladolid";1000000;"VERANO";953;229788
"Tristan Dingomé";"Troyes";"Reims";1000000;"VERANO";954;206506
"Dennis Hadzikadunic";"Malmö FF";"Rostov";1000000;"VERANO";956;236541
"Didier Lamkel Ze";"FC Niort";"Royal Amberes";1000000;"VERANO";957;234710
"Carlos Sánchez";"Monterrey";"Santos FC";1000000;"VERANO";959;205510
"Harisson Manzala";"SC Amiens";"SCO Angers";1000000;"VERANO";961;214949
"Vincent Pajot";"St-Étienne";"SCO Angers";1000000;"VERANO";962;198836
"Mirko Valdifiori";"Torino";"SPAL";1000000;"VERANO";965;188876
"Felix Bastians";"VfL Bochum";"TJ Teda";1000000;"INVIERNO";967;170159
"Alberto Brignoli";"Juventus";"US Palermo";1000000;"VERANO";968;210358
"Stefano Moreo";"Venezia";"US Palermo";1000000;"VERANO";969;222959
"Roy Beerens";"Reading";"Vitesse";1000000;"INVIERNO";970;169978
"Nuri Sahin";"Bor. Dortmund";"Werder Bremen";1000000;"VERANO";971;170797
"Sebastian Langkamp";"Hertha Berlin";"Werder Bremen";1000000;"INVIERNO";972;183568
"Damien Marcq";"KAA Gent";"Zulte Waregem";1000000;"INVIERNO";973;181436
"David Accam";"Chicago Fire";"Philadelphia";982000;"INVIERNO";974;210801
"Ernesto Torregrossa";"Hellas Verona";"Brescia";900000;"INVIERNO";980;220829
"Onur Bulut";"SC Freiburg";"E. Braunschweig";900000;"INVIERNO";981;205939
"Jean Zimmer";"VfB Stuttgart";"F. Düsseldorf";900000;"VERANO";982;216381
"Benjamin Kololli";"Lausanne-Sport";"FC Zürich";900000;"VERANO";983;211903
"Jae-sung Lee";"Jeonbuk Motors";"Holstein Kiel";900000;"VERANO";984;221671
"Egzon Binaku";"Häcken";"Malmö FF";900000;"INVIERNO";985;225336
"Philipp Köhn";"RB Leipzig";"RB Salzburg";900000;"VERANO";986;239364
"Vyacheslav Podberezkin";"Krasnodar";"Rubin Kazan";900000;"VERANO";987;206479
"Daniel Arzani";"Melbourne City";"Manchester City";890000;"VERANO";989;234867
"Declan John";"Rangers FC";"Swansea City";890000;"VERANO";990;211204
"Jesse Joronen";"AC Horsens";"FC Copenhague";875000;"VERANO";991;199904
"Renzo Saravia";"Belgrano";"Racing Club";865000;"VERANO";992;215256
"Enrique Triverio";"Racing Club";"Toluca";860000;"VERANO";993;217201
"Diego Rodríguez";"Independiente";"Club Tijuana";859000;"VERANO";994;214933
"Juan Villar";"CD Tenerife";"CA Osasuna";850000;"VERANO";996;192490
"Kieffer Moore";"Ipswich";"FC Barnsley";850000;"INVIERNO";998;216627
"Jakub Swierczok";"Zag??bie";"Ludogorets";850000;"INVIERNO";999;207516
"Jordan Storey";"Exeter City";"Preston NE";850000;"VERANO";1000;235464
"Lee Evans";"Wolverhampton";"Sheffield Utd.";850000;"INVIERNO";1002;213105
"Alexander Domínguez";"Monterrey";"Vélez Sarsfield";850000;"VERANO";1004;199103
"Rodney Kongolo";"Man City U23";"Heerenveen";840000;"VERANO";1005;223962
"Conor Townsend";"Scunthorpe Utd.";"West Brom";840000;"VERANO";1006;203751
"Ledian Memushaj";"Pescara";"Benevento";800000;"VERANO";1010;201220
"Anthony Jung";"RB Leipzig";"Brøndby IF";800000;"VERANO";1011;207897
"Ulisses Garcia";"Werder Bremen";"BSC Young Boys";800000;"VERANO";1012;223143
"Abdul-Aziz Tetteh";"Lech Poznan";"Dinamo Moskva";800000;"INVIERNO";1014;190193
"Nehuén Paz";"Newell's";"FC Bologna";800000;"INVIERNO";1016;219451
"Lorenzo Lollo";"Carpi";"FC Empoli";800000;"VERANO";1017;209407
"Farid Boulaya";"Girona FC";"FC Metz";800000;"VERANO";1019;210438
"Stoppila Sunzu";"LOSC Lille";"FC Metz";800000;"VERANO";1020;190276
"Paulo Miranda";"RB Salzburg";"Grêmio";800000;"INVIERNO";1021;189646
"Karamoko Cissé";"Bari";"Hellas Verona";800000;"VERANO";1022;178150
"Andrea La Mantia";"Virtus Entella";"Lecce";800000;"VERANO";1024;201243
"Federico Melchiorri";"Cagliari";"Perugia";800000;"VERANO";1026;220671
"José Machín";"AS Roma";"Pescara";800000;"VERANO";1027;230817
"Gonzalo Piovi";"Argentinos";"Racing Club";800000;"INVIERNO";1028;219670
"André Ramalho";"Bay. Leverkusen";"RB Salzburg";800000;"INVIERNO";1029;210007
"Mark Flekken";"MSV Duisburg";"SC Freiburg";800000;"VERANO";1032;211738
"Luká<U+009A> Pokorný";"Montpellier";"Slavia Praha";800000;"INVIERNO";1034;237404
"Agustín Bouzat";"Boca Juniors";"Vélez Sarsfield";800000;"INVIERNO";1035;232255
"Davidson";"Chaves";"Vit. Guimarães";800000;"VERANO";1036;237135
"Angus MacDonald";"FC Barnsley";"Hull City";795000;"INVIERNO";1037;205655
"Gwion Edwards";"Peterborough";"Ipswich";790000;"VERANO";1038;205752
"Ryan Leonard";"Southend United";"Sheffield Utd.";790000;"INVIERNO";1039;200689
"Duane Holmes";"Scunthorpe Utd.";"Derby";780000;"VERANO";1041;213948
"Wuilker Fariñez";"Caracas FC";"Millonarios";766000;"INVIERNO";1042;228736
"Matías Caruzzo";"San Lorenzo";"CA Rosario";760000;"VERANO";1043;190576
"Aziz Bouhaddouz";"FC St. Pauli";"Al-Batin";750000;"VERANO";1046;188305
"Michael Madl";"FC Fulham";"Austria Viena";750000;"INVIERNO";1047;169343
"Davor Lovren";"Din. Zagreb II";"F. Düsseldorf";750000;"VERANO";1048;239189
"László Kleinheisler";"Werder Bremen";"FC Astana";750000;"VERANO";1049;231493
"Colin Coosemans";"KV Mechelen";"KAA Gent";750000;"VERANO";1050;200059
"Yacouba Sylla";"Rennes";"KV Mechelen";750000;"INVIERNO";1051;201917
"Sander Coopman";"Club Brugge";"KV Oostende";750000;"VERANO";1052;215373
"Fabrice Ondoa";"Sevilla Atl.";"KV Oostende";750000;"VERANO";1053;212948
"Renato Santos";"Boavista";"Málaga CF";750000;"VERANO";1055;210258
"Mike van Duinen";"SBV Excelsior";"PEC Zwolle";750000;"VERANO";1056;205603
"Lionel Carole";"Galatasaray";"R. Strasbourg";750000;"VERANO";1057;201041
"Bebé";"SD Eibar";"Rayo Vallecano";750000;"VERANO";1058;166074
"Jonathan Bolingi";"Standard Lieja";"Royal Amberes";750000;"VERANO";1059;237555
"Fanendo Adi";"Timbers";"Cincinnati";725000;"VERANO";1062;219806
"Lisandro Martínez";"Newell's II";"Defensa";725000;"VERANO";1063;239301
"Ivan Toney";"Newcastle Utd.";"Peterborough";720000;"VERANO";1064;212228
"Marvin Schwäbe";"TSG Hoffenheim";"Brøndby IF";700000;"VERANO";1067;224041
"Philipp Hofmann";"Greuther Fürth";"E. Braunschweig";700000;"INVIERNO";1069;206606
"Marko Marin";"Olympiacos FC";"Estrella Roja";700000;"VERANO";1070;179546
"Joris van Overeem";"AZ Alkmaar";"FC Utrecht";700000;"VERANO";1073;210010
"Guillermo Sara";"Boca Juniors";"Lanús";700000;"VERANO";1076;215212
"Fouad Bachirou";"Östersund";"Malmö FF";700000;"INVIERNO";1077;213480
"John Bostock";"Bursaspor";"Toulouse";700000;"VERANO";1080;184387
"Maikel Mesa";"Gimnàstic";"UD Las Palmas";700000;"VERANO";1081;215615
"Alexandre Guedes";"Desportivo Aves";"Vit. Guimarães";700000;"VERANO";1082;238830
"Ignacio Rivero";"Defensa";"Club Tijuana";685000;"VERANO";1085;228892
"Charlie Wyke";"Bradford";"AFC Sunderland";675000;"VERANO";1086;204217
"Tsiy William Ndenge";"Bor. M'gladbach";"FC Luzern";650000;"VERANO";1087;229753
"Vito van Crooij";"VVV-Venlo";"PEC Zwolle";650000;"VERANO";1090;237895
"Milan Djuric";"Bristol City";"Salernitana";650000;"VERANO";1091;201038
"Nicolás Ibáñez";"Gimnasia";"San Luis";650000;"INVIERNO";1092;236287
"Marco Aratore";"FC St. Gallen";"Ural";650000;"VERANO";1093;193345
"Justin Meram";"Orlando City SC";"Columbus Crew";647000;"VERANO";1095;202223
"Gustavo Toledo";"Independiente";"Colón";640000;"VERANO";1097;223065
"Juan Ramírez";"Colorado";"CA Talleres";635000;"VERANO";1098;214665
"Kasper Kusk";"FC Copenhague";"Aalborg BK";625000;"INVIERNO";1099;201266
"Edmílson Junior";"Standard Lieja";"Al Duhail";600000;"VERANO";1100;228352
"Djalma";"PAOK";"Alanyaspor";600000;"VERANO";1101;184823
"Stéphane Badji";"RSC Anderlecht";"Bursaspor";600000;"VERANO";1103;208015
"Baris Atik";"TSG Hoffenheim";"Dynamo Dresden";600000;"VERANO";1104;233520
"Thomas Delaine";"Paris FC";"FC Metz";600000;"VERANO";1106;203741
"Mats Möller Daehli";"SC Freiburg";"FC St. Pauli";600000;"VERANO";1107;201877
"Leon Guwara";"Werder Bremen";"FC Utrecht";600000;"VERANO";1108;232643
"Leandro Cabrera";"Crotone";"Getafe CF";600000;"VERANO";1109;192816
"Brendan Hines-Ike";"Örebro SK";"KV Kortrijk";600000;"VERANO";1110;231948
"Martín Cáceres";"Hellas Verona";"Lazio";600000;"INVIERNO";1111;182495
"Yannick Gomis";"US Orléans";"Lens";600000;"VERANO";1112;234972
"Deni Alar";"Sturm Graz";"Rapid Viena";600000;"VERANO";1115;191123
"Vicente Gómez";"UD Las Palmas";"RC Deportivo";600000;"VERANO";1116;199977
"Marco Pinato";"Venezia";"Sassuolo";600000;"VERANO";1117;225115
"Othman El Kabir";"Djurgarden";"Ural";600000;"INVIERNO";1121;235239
"Ben Stevenson";"Coventry City";"Wolverhampton";570000;"INVIERNO";1123;228638
"Yosuke Ideguchi";"Gamba Osaka";"Leeds";560000;"INVIERNO";1125;232623
"Aapo Halme";"HJK Helsinki";"Leeds";560000;"INVIERNO";1126;234290
"Barrie McKay";"Nottm Forest";"Swansea City";560000;"VERANO";1127;209729
"Sherel Floranus";"Sparta R.";"Heerenveen";550000;"VERANO";1128;233098
"Christoph Knasmüllner";"FC Barnsley";"Rapid Viena";550000;"VERANO";1131;200918
"Jalil Elías";"Newell's";"CD Godoy Cruz";520000;"VERANO";1132;231360
"Kyle Lafferty";"Heart of Midl.";"Rangers FC";502000;"VERANO";1135;166844
"Christian Mathenia";"Hamburgo";"1.FC Nürnberg";500000;"VERANO";1136;215417
"Franco Escobar";"Newell's";"Atlanta United";500000;"INVIERNO";1137;222587
"Stefano Sabelli";"Bari";"Brescia";500000;"VERANO";1140;206159
"Mikael Uhre";"SønderjyskE";"Brøndby IF";500000;"VERANO";1141;213815
"Charalampos Lykogiannis";"Sturm Graz";"Cagliari";500000;"INVIERNO";1142;210381
"Mirko Carretta";"Ternana";"Cremonese";500000;"VERANO";1146;192853
"Miguel Cardoso";"Tondela";"Dinamo Moskva";500000;"VERANO";1148;224890
"Joel Untersee";"Juventus";"FC Empoli";500000;"VERANO";1154;211322
"Agyemang Diawusie";"RB Leipzig";"FC Ingolstadt";500000;"VERANO";1155;233397
"Robin Krauße";"SC Paderborn";"FC Ingolstadt";500000;"VERANO";1156;232406
"Otar Kakabadze";"Gimnàstic";"FC Luzern";500000;"VERANO";1157;235005
"Charles Traoré";"Troyes";"FC Nantes";500000;"VERANO";1158;231098
"Henk Veerman";"Heerenveen";"FC St. Pauli";500000;"VERANO";1159;227537
"Marco Capuano";"Cagliari";"Frosinone";500000;"VERANO";1160;201529
"Steliano Filip";"Dinamo Bucarest";"Hajduk Split";500000;"INVIERNO";1162;222222
"Éder";"LOSC Lille";"Loko Moskva";500000;"VERANO";1166;189795
"Romain Gall";"GIF Sundsvall";"Malmö FF";500000;"VERANO";1168;224798
"Sammy Skytte";"Silkeborg IF";"Midtjylland";500000;"VERANO";1169;234521
"Redouane Kerrouche";"Paris FC";"OH Leuven";500000;"VERANO";1171;240132
"Sasa Zdjelar";"Olympiacos FC";"Partizan";500000;"VERANO";1172;224274
"Norbert Gyömbér";"AS Roma";"Perugia";500000;"VERANO";1173;220061
"Tomás Podstawski";"Vitória Setúbal";"Pogon Szczecin";500000;"VERANO";1176;216449
"Ayaz Guliev";"Spartak-2";"Rostov";500000;"VERANO";1179;237844
"Amara Baby";"RSC Charleroi";"Royal Amberes";500000;"VERANO";1180;194718
"Jérémy Perbet";"Club Brugge";"RSC Charleroi";500000;"VERANO";1181;150594
"Romain Grange";"FC Niort";"RSC Charleroi";500000;"INVIERNO";1182;194717
"Marlon Ritter";"F. Düsseldorf";"SC Paderborn";500000;"VERANO";1183;223755
"Dani Escriche";"CD Lugo";"SD Huesca";500000;"VERANO";1184;240922
"Joey Pelupessy";"Heracles Almelo";"Sheff Wed";500000;"INVIERNO";1185;209701
"Iñigo Ruiz de Galarreta";"FC Barcelona B";"UD Las Palmas";500000;"VERANO";1186;205157
"Fidel";"UD Almería";"UD Las Palmas";500000;"VERANO";1187;189172
"Florian Hübner";"Hannover 96";"Union Berlin";500000;"VERANO";1188;203590
"Joshua Mees";"TSG Hoffenheim";"Union Berlin";500000;"VERANO";1189;229702
"Erik Thommy";"FC Augsburg";"VfB Stuttgart";500000;"INVIERNO";1190;221797
"Pavao Pervan";"LASK";"VfL Wolfsburg";500000;"VERANO";1191;199909
"Hamdi Harbaoui";"RSC Anderlecht";"Zulte Waregem";500000;"INVIERNO";1192;186444
"Marcel Mehlem";"Karlsruher SC";"Saint Gilloise";480000;"VERANO";1194;236832
"Sebastián Ribas";"Karpaty";"Lanús";470000;"VERANO";1196;185199
"Kyu-baek Choi";"Ulsan";"V-V. Nagasaki";460000;"INVIERNO";1197;232831
"Ádám Gyurcsó";"Pogon Szczecin";"Hajduk Split";450000;"VERANO";1202;209439
"Billy Bodin";"Bristol Rovers";"Preston NE";450000;"INVIERNO";1203;200440
"Sidnei";"RC Deportivo";"Real Betis";450000;"VERANO";1204;182002
"Ricky Holmes";"Charlton";"Sheffield Utd.";450000;"INVIERNO";1206;199516
"Gianmarco Zigoni";"AC Milan";"Venezia";450000;"VERANO";1207;191068
"Cedric Itten";"FC Basel";"FC St. Gallen";430000;"VERANO";1209;233139
"Kevin Dawson";"Plaza Colonia";"Peñarol";420000;"INVIERNO";1212;199046
"Oriol Rosell";"Sporting CP";"Orlando City SC";402000;"INVIERNO";1213;204677
"Sivert Heltne Nilsen";"SK Brann";"AC Horsens";400000;"VERANO";1214;221552
"Ima Andriatsima";"FC Sochaux";"AC Le Havre";400000;"INVIERNO";1215;183833
"Yusupha Njie";"FUS Rabat";"Boavista";400000;"VERANO";1218;239303
"José Naranjo";"KRC Genk";"CD Tenerife";400000;"VERANO";1219;215568
"Francesco Renzetti";"Genoa CFC";"Cremonese";400000;"VERANO";1220;189065
"Fedor Chernykh";"Jagiellonia";"Dinamo Moskva";400000;"INVIERNO";1222;215755
"Damian Kadzior";"Górnik Zabrze";"Dinamo Zagreb";400000;"VERANO";1223;211626
"Laurent Jans";"Waasl.-Beveren";"FC Metz";400000;"VERANO";1226;206269
"Oliver Kragl";"Crotone";"Foggia";400000;"VERANO";1229;203455
"Francesco Nicastro";"Pescara";"Foggia";400000;"VERANO";1230;225041
"Ömer Bayram";"Akhisarspor";"Galatasaray";400000;"VERANO";1231;193201
"Clément Tainmont";"RSC Charleroi";"KV Mechelen";400000;"INVIERNO";1232;203971
"Ayo Simon Okosun";"AC Horsens";"Midtjylland";400000;"VERANO";1234;239636
"Sébastien Siani";"KV Oostende";"Royal Amberes";400000;"INVIERNO";1236;175896
"Rúben Ribeiro";"Rio Ave FC";"Sporting CP";400000;"INVIERNO";1238;182632
"Vid Belec";"Benevento";"UC Sampdoria";400000;"VERANO";1239;193336
"Rodrigo Salinas";"Al-Ettifaq";"Vélez Sarsfield";400000;"INVIERNO";1241;215170
"Matías Rodríguez";"Chacarita Jrs";"Ferencváros";385000;"VERANO";1246;240379
"Timmy Thiele";"Carl Zeiss Jena";"1.FC K'lautern";375000;"VERANO";1248;211732
"Aleksandar Ignjovski";"SC Freiburg";"1.FC Magdeburg";350000;"VERANO";1249;193211
"Ulrik Jenssen";"Tromsø";"Nordsjælland";350000;"INVIERNO";1251;212040
"Janus Drachmann";"Midtjylland";"Odense BK";350000;"VERANO";1252;178461
"Nemanja Nikolic";"Spartak";"Partizan";350000;"VERANO";1253;201549
"Clint Leemans";"VVV-Venlo";"PEC Zwolle";350000;"VERANO";1254;224185
"Adam Buksa";"Zag??bie";"Pogon Szczecin";350000;"VERANO";1256;224438
"Graham Burke";"Shamrock Rovers";"Preston NE";350000;"VERANO";1257;183544
"Enrico Brignola";"Benevento";"Sassuolo";350000;"VERANO";1259;236522
"Serdar Dursun";"Greuther Fürth";"SV Darmstadt 98";350000;"VERANO";1260;206104
"Zargo Touré";"FC Lorient";"Trabzonspor";350000;"VERANO";1261;190196
"Jairo Samperio";"1.FSV Mainz 05";"UD Las Palmas";350000;"INVIERNO";1262;205869
"Danny Wilson";"Rangers FC";"Colorado";341000;"INVIERNO";1265;193716
"Brayan Cortés";"CD Iquique";"Colo Colo";340000;"INVIERNO";1267;215086
"James Vaughan";"AFC Sunderland";"Wigan";340000;"INVIERNO";1269;163396
"Jamie Walker";"Heart of Midl.";"Wigan";340000;"INVIERNO";1270;206565
"Benny Feilhaber";"Kansas";"Los Angeles FC";334000;"INVIERNO";1272;173370
"Michael Hefele";"Huddersfield";"Nottm Forest";330000;"VERANO";1273;210236
"Samuel Souprayen";"Hellas Verona";"AJ Auxerre";300000;"VERANO";1276;189155
"Moussa Koné";"Frosinone";"BB Erzurumspor";300000;"VERANO";1280;205654
"Amari'i Bell";"Fleetwood";"Blackburn";300000;"INVIERNO";1281;207804
"Besar Halimi";"1.FSV Mainz 05";"Brøndby IF";300000;"VERANO";1282;212238
"Niccolò Zanellato";"AC Milan";"Crotone";300000;"VERANO";1286;240385
"Maurides";"Belenenses";"CSKA Sofia";300000;"VERANO";1287;209323
"Marin Leovac";"PAOK";"Dinamo Zagreb";300000;"VERANO";1288;193250
"Frederik Tingager";"Odense BK";"E. Braunschweig";300000;"INVIERNO";1289;231828
"Pascal Testroet";"Dynamo Dresden";"Erzgebirge Aue";300000;"VERANO";1290;198019
"Dejan Meleg";"Kayserispor";"Estrella Roja";300000;"VERANO";1291;211464
"Deyovaisio Zeefuik";"AFC Ajax";"FC Groningen";300000;"VERANO";1292;235899
"Matthieu Saunier";"Granada CF";"FC Lorient";300000;"VERANO";1293;193081
"Valon Fazliu";"Grasshoppers";"FC Lugano";300000;"VERANO";1294;231651
"Rene Krhin";"Granada CF";"FC Nantes";300000;"VERANO";1295;192205
"Marvin Knoll";"Jahn Regensburg";"FC St. Pauli";300000;"VERANO";1296;202106
"Nicola Citro";"Trapani";"Frosinone";300000;"VERANO";1298;225606
"Souleyman Doumbia";"Bari";"Grasshoppers";300000;"VERANO";1299;236454
"Lucas Bijker";"Cádiz CF";"KV Mechelen";300000;"VERANO";1301;215650
"Aristote Nkaka";"Mouscron";"KV Oostende";300000;"INVIERNO";1302;229040
"Wout Faes";"RSC Anderlecht";"KV Oostende";300000;"VERANO";1303;235036
"Jean-Louis Leca";"AC Ajaccio";"Lens";300000;"VERANO";1304;153275
"Khaly Thiam";"MTK Budapest";"Levski Sofia";300000;"VERANO";1305;234079
"Mirko Pigliacelli";"Pescara";"Pro Vercelli";300000;"VERANO";1310;205530
"Eugenio Lamanna";"Genoa CFC";"Spezia Calcio";300000;"VERANO";1312;190769
"Álvaro Lemos";"Celta de Vigo";"UD Las Palmas";300000;"VERANO";1313;205551
"Stefanos Kapino";"Nottm Forest";"Werder Bremen";300000;"VERANO";1314;205878
"Johnny Russell";"Derby";"Kansas";280000;"INVIERNO";1316;185068
"Jakub Czerwinski";"Legia Warszawa";"Piast Gliwice";275000;"VERANO";1318;214882
"Jérémy Ménez";"Antalyaspor";"América";250000;"INVIERNO";1323;160766
"Jannis Nikolaou";"Würzb. Kickers";"Dynamo Dresden";250000;"VERANO";1325;238619
"Frederic Ananou";"Roda JC";"FC Ingolstadt";250000;"INVIERNO";1326;234668
"Joris Sainati";"AC Ajaccio";"FC Lorient";250000;"VERANO";1327;179725
"Daniel Keita-Ruel";"SC Fortuna Köln";"Greuther Fürth";250000;"VERANO";1328;238924
"Hebert";"Piast Gliwice";"JEF Utd. Chiba";250000;"INVIERNO";1329;219978
"Ramon Leeuwin";"FC Utrecht";"Odense BK";250000;"VERANO";1335;172850
"Elton Acolatse";"Club Brugge";"Sint-Truiden";250000;"VERANO";1336;209402
"Luca Mora";"SPAL";"Spezia Calcio";250000;"INVIERNO";1337;235164
"Joona Toivio";"Molde FK";"Termalica";250000;"INVIERNO";1338;172232
"Rasmus Thelander";"FC Zürich";"Vitesse";250000;"VERANO";1339;209711
"Josh Magennis";"Charlton";"Bolton";225000;"VERANO";1343;186562
"Cameron Brannagan";"Liverpool U23";"Oxford United";225000;"INVIERNO";1344;220940
"Niklas Hult";"Panathinaikos";"AEK Atenas";200000;"INVIERNO";1345;192102
"François Bellugou";"Troyes";"AJ Auxerre";200000;"VERANO";1346;181559
"Vladimir Gabulov";"Arsenal Tula";"Club Brugge";200000;"INVIERNO";1348;147579
"Cornel Rapa";"Pogon Szczecin";"Cracovia Kraków";200000;"VERANO";1349;202754
"Nicklas Bärkroth";"Lech Poznan";"Djurgarden";200000;"VERANO";1352;185438
"Arturo Calabresi";"AS Roma";"FC Bologna";200000;"VERANO";1356;229574
"Julian Green";"VfB Stuttgart";"Greuther Fürth";200000;"VERANO";1358;212192
"Sambou Yatabaré";"Werder Bremen";"Royal Amberes";200000;"VERANO";1366;192611
"Paddy Madden";"Scunthorpe Utd.";"Fleetwood";170000;"INVIERNO";1376;189808
"Xande Silva";"Guimarães B";"West Ham U23";150000;"VERANO";1379;228768
"Erik Morán";"CD Leganés";"AEK Atenas";130000;"INVIERNO";1380;201991
"Piotr Tomasik";"Jagiellonia";"Lech Poznan";125000;"INVIERNO";1383;193087
"Anderson Lucoqui";"F. Düsseldorf";"Arm. Bielefeld";100000;"VERANO";1385;233812
"Aron Sigurdarson";"Tromsø";"IK Start";100000;"INVIERNO";1386;233401
"Jiri Skalak";"Brighton";"Millwall";100000;"VERANO";1387;203606
"Danny Hoesen";"FC Groningen";"Quakes";100000;"INVIERNO";1388;190497
"Lukasz Sekulski";"Jagiellonia";"SKA Khabarovsk";100000;"INVIERNO";1390;229072
"Jakub Wojcicki";"Cracovia Kraków";"Jagiellonia";38000;"INVIERNO";1393;215584
