name;Último club;Nuevo club;Coste;Amount;Mercado
Kylian Mbappé;Monaco;Paris SG;135,00 mill. €;135000000;VERANO
Philippe Coutinho;FC Liverpool;FC Barcelona;130,00 mill. €;130000000;INVIERNO
Cristiano Ronaldo;Real Madrid;Juventus;117,00 mill. €;117000000;VERANO
Kepa;Athletic;Chelsea;80,00 mill. €;80000000;VERANO
Virgil van Dijk;FC Southampton;FC Liverpool;78,80 mill. €;78800000;INVIERNO
Thomas Lemar;Monaco;Atlético Madrid;70,00 mill. €;70000000;VERANO
Riyad Mahrez;Leicester City;Manchester City;67,80 mill. €;67800000;VERANO
Diego Costa;Chelsea;Atlético Madrid;66,00 mill. €;66000000;INVIERNO
Aymeric Laporte;Athletic;Manchester City;65,00 mill. €;65000000;INVIERNO
Pierre-Emerick Aubameyang;Bor. Dortmund;FC Arsenal;63,75 mill. €;63750000;INVIERNO
Alisson;AS Roma;FC Liverpool;62,50 mill. €;62500000;VERANO
Naby Keïta;RB Leipzig;FC Liverpool;60,00 mill. €;60000000;VERANO
Fred;Shakhtar D.;Man Utd.;59,00 mill. €;59000000;VERANO
Jorginho;SSC Napoli;Chelsea;57,00 mill. €;57000000;VERANO
Fabinho;Monaco;FC Liverpool;45,00 mill. €;45000000;VERANO
Vinícius Júnior;Flamengo;Real Madrid;45,00 mill. €;45000000;VERANO
Malcom;G. Bordeaux;FC Barcelona;41,00 mill. €;41000000;VERANO
João Cancelo;Valencia CF;Juventus;40,40 mill. €;40400000;VERANO
Cédric Bakambu;Villarreal CF;BJ Sinobo Guoan;40,00 mill. €;40000000;INVIERNO
Douglas Costa;Bayern Múnich;Juventus;40,00 mill. €;40000000;VERANO
Gonçalo Guedes;Paris SG;Valencia CF;40,00 mill. €;40000000;VERANO
Richarlison;Watford;Everton;39,20 mill. €;39200000;VERANO
Radja Nainggolan;AS Roma;Inter de Milán;38,00 mill. €;38000000;VERANO
Felipe Anderson;Lazio;West Ham Utd.;38,00 mill. €;38000000;VERANO
Thilo Kehrer;FC Schalke 04;Paris SG;37,00 mill. €;37000000;VERANO
Clément Lenglet;Sevilla FC;FC Barcelona;35,90 mill. €;35900000;VERANO
Mattia Caldara;Juventus;AC Milan;35,00 mill. €;35000000;VERANO
Leonardo Bonucci;AC Milan;Juventus;35,00 mill. €;35000000;VERANO
Thibaut Courtois;Chelsea;Real Madrid;35,00 mill. €;35000000;VERANO
Iñigo Martínez;Real Sociedad;Athletic;32,00 mill. €;32000000;INVIERNO
Arthur;Grêmio;FC Barcelona;31,00 mill. €;31000000;VERANO
Yerry Mina;FC Barcelona;Everton;30,25 mill. €;30250000;VERANO
Yannick Carrasco;Atlético Madrid;DL Yifang;30,00 mill. €;30000000;INVIERNO
Lucas Torreira;UC Sampdoria;FC Arsenal;30,00 mill. €;30000000;VERANO
Jean Michaël Seri;OGC Nice;FC Fulham;30,00 mill. €;30000000;VERANO
Aleksandr Golovin;CSKA Moscú;Monaco;30,00 mill. €;30000000;VERANO
Álvaro Odriozola;Real Sociedad;Real Madrid;30,00 mill. €;30000000;VERANO
Fabián Ruiz;Real Betis;SSC Napoli;30,00 mill. €;30000000;VERANO
Anthony Modeste;1.FC Köln;TJ Quanjian;29,00 mill. €;29000000;VERANO
Lucas Moura;Paris SG;Tottenham;28,40 mill. €;28400000;INVIERNO
Abdou Diallo;1.FSV Mainz 05;Bor. Dortmund;28,00 mill. €;28000000;VERANO
Jefferson Lerma;Levante UD;Bournemouth;28,00 mill. €;28000000;VERANO
Steven Nzonzi;Sevilla FC;AS Roma;26,65 mill. €;26650000;VERANO
Samu Castillejo;Villarreal CF;AC Milan;25,00 mill. €;25000000;VERANO
Bernd Leno;Bay. Leverkusen;FC Arsenal;25,00 mill. €;25000000;VERANO
Jannik Vestergaard;Bor. M'gladbach;FC Southampton;25,00 mill. €;25000000;VERANO
James Maddison;Norwich;Leicester City;25,00 mill. €;25000000;VERANO
Kevin Strootman;AS Roma;Marseille;25,00 mill. €;25000000;VERANO
Simone Verdi;FC Bologna;SSC Napoli;25,00 mill. €;25000000;VERANO
Geoffrey Kondogbia;Inter de Milán;Valencia CF;25,00 mill. €;25000000;VERANO
Issa Diop;Toulouse;West Ham Utd.;25,00 mill. €;25000000;VERANO
André Zambo Anguissa;Marseille;FC Fulham;24,85 mill. €;24850000;VERANO
Javier Pastore;Paris SG;AS Roma;24,70 mill. €;24700000;VERANO
Yuri Berchiche;Paris SG;Athletic;24,00 mill. €;24000000;VERANO
Alassane Pléa;OGC Nice;Bor. M'gladbach;23,00 mill. €;23000000;VERANO
André Ayew;West Ham Utd.;Swansea City;22,80 mill. €;22800000;INVIERNO
Cenk Tosun;Besiktas;Everton;22,50 mill. €;22500000;INVIERNO
Theo Walcott;FC Arsenal;Everton;22,50 mill. €;22500000;INVIERNO
Guido Carrillo;Monaco;FC Southampton;22,00 mill. €;22000000;INVIERNO
Ricardo Pereira;FC Porto;Leicester City;22,00 mill. €;22000000;VERANO
Diogo Dalot;FC Porto;Man Utd.;22,00 mill. €;22000000;VERANO
Moussa Dembélé;Celtic FC;Olymp. Lyonnais;22,00 mill. €;22000000;VERANO
Manuel Akanji;FC Basel;Bor. Dortmund;21,50 mill. €;21500000;INVIERNO
Mariano Díaz;Olymp. Lyonnais;Real Madrid;21,50 mill. €;21500000;VERANO
Caglar Söyüncü;SC Freiburg;Leicester City;21,10 mill. €;21100000;VERANO
Pietro Pellegri;Genoa CFC;Monaco;21,00 mill. €;21000000;INVIERNO
Lucas Digne;FC Barcelona;Everton;20,20 mill. €;20200000;VERANO
Aleksandar Mitrovic;Newcastle Utd.;FC Fulham;20,20 mill. €;20200000;VERANO
Nikola Kalinic;Fiorentina;AC Milan;20,00 mill. €;20000000;VERANO
Rodri;Villarreal CF;Atlético Madrid;20,00 mill. €;20000000;VERANO
Axel Witsel;TJ Quanjian;Bor. Dortmund;20,00 mill. €;20000000;VERANO
Thomas Delaney;Werder Bremen;Bor. Dortmund;20,00 mill. €;20000000;VERANO
Emerson;AS Roma;Chelsea;20,00 mill. €;20000000;INVIERNO
Terence Kongolo;Monaco;Huddersfield;20,00 mill. €;20000000;VERANO
Benjamin Henrichs;Bay. Leverkusen;Monaco;20,00 mill. €;20000000;VERANO
Willem Geubbels;Olymp. Lyonnais;Monaco;20,00 mill. €;20000000;VERANO
William Carvalho;Sporting CP;Real Betis;20,00 mill. €;20000000;VERANO
Quincy Promes;Spartak Moskva;Sevilla FC;20,00 mill. €;20000000;VERANO
Rolando Mandragora;Juventus;Udinese Calcio;20,00 mill. €;20000000;VERANO
Gerard Moreno;Espanyol;Villarreal CF;20,00 mill. €;20000000;VERANO
Andriy Yarmolenko;Bor. Dortmund;West Ham Utd.;20,00 mill. €;20000000;VERANO
Adama Traoré;Middlesbrough;Wolverhampton;20,00 mill. €;20000000;VERANO
Alireza Jahanbakhsh;AZ Alkmaar;Brighton;19,00 mill. €;19000000;VERANO
Duje Caleta-Car;RB Salzburg;Marseille;19,00 mill. €;19000000;VERANO
Paulinho;Vasco da Gama;Bay. Leverkusen;18,50 mill. €;18500000;VERANO
Arturo Vidal;Bayern Múnich;FC Barcelona;18,00 mill. €;18000000;VERANO
Karl Toko Ekambi;SCO Angers;Villarreal CF;18,00 mill. €;18000000;VERANO
Justin Kluivert;AFC Ajax;AS Roma;17,25 mill. €;17250000;VERANO
Jürgen Locadia;PSV Eindhoven;Brighton;17,00 mill. €;17000000;INVIERNO
Olivier Giroud;FC Arsenal;Chelsea;17,00 mill. €;17000000;INVIERNO
Duván Zapata;SSC Napoli;UC Sampdoria;17,00 mill. €;17000000;VERANO
Yves Bissouma;LOSC Lille;Brighton;16,90 mill. €;16900000;VERANO
Ross Barkley;Everton;Chelsea;16,90 mill. €;16900000;INVIERNO
Ben Gibson;Middlesbrough;FC Burnley;16,90 mill. €;16900000;VERANO
Alfie Mawson;Swansea City;FC Fulham;16,85 mill. €;16850000;VERANO
Ahmed Musa;Leicester City;Nasr;16,50 mill. €;16500000;VERANO
Daley Blind;Man Utd.;AFC Ajax;16,00 mill. €;16000000;VERANO
Sokratis;Bor. Dortmund;FC Arsenal;16,00 mill. €;16000000;VERANO
Sebastian Rudy;Bayern Múnich;FC Schalke 04;16,00 mill. €;16000000;VERANO
Lautaro Martínez;Racing Club;Inter de Milán;16,00 mill. €;16000000;VERANO
Nordi Mukiele;Montpellier;RB Leipzig;16,00 mill. €;16000000;VERANO
Badou Ndiaye;Galatasaray;Stoke City;16,00 mill. €;16000000;INVIERNO
Kévin Gameiro;Atlético Madrid;Valencia CF;16,00 mill. €;16000000;VERANO
Grégoire Defrel;Sassuolo;AS Roma;15,00 mill. €;15000000;VERANO
Joaquín Correa;Sevilla FC;Lazio;15,00 mill. €;15000000;VERANO
João Carvalho;Benfica;Nottm Forest;15,00 mill. €;15000000;VERANO
Matheus Cunha;FC Sion;RB Leipzig;15,00 mill. €;15000000;VERANO
Ibrahim Amadou;LOSC Lille;Sevilla FC;15,00 mill. €;15000000;VERANO
Joris Gnagnon;Rennes;Sevilla FC;15,00 mill. €;15000000;VERANO
Mouctar Diakhaby;Olymp. Lyonnais;Valencia CF;15,00 mill. €;15000000;VERANO
Roger Martínez;JS Suning;Villarreal CF;14,90 mill. €;14900000;VERANO
Xherdan Shaqiri;Stoke City;FC Liverpool;14,70 mill. €;14700000;VERANO
Nikola Kalinic;AC Milan;Atlético Madrid;14,50 mill. €;14500000;VERANO
Filip Benkovic;Dinamo Zagreb;Leicester City;14,50 mill. €;14500000;VERANO
Rodolfo Pizarro;Chivas;Monterrey;14,50 mill. €;14500000;VERANO
Diego Laxalt;Genoa CFC;AC Milan;14,00 mill. €;14000000;VERANO
Danny Ward;FC Liverpool;Leicester City;14,00 mill. €;14000000;VERANO
Rachid Ghezzal;Monaco;Leicester City;14,00 mill. €;14000000;VERANO
Jean-Eudes Aholou;R. Strasbourg;Monaco;14,00 mill. €;14000000;VERANO
Francis Coquelin;FC Arsenal;Valencia CF;14,00 mill. €;14000000;INVIERNO
Daniel Ginczek;VfB Stuttgart;VfL Wolfsburg;14,00 mill. €;14000000;VERANO
Diogo Jota;Atlético Madrid;Wolverhampton;14,00 mill. €;14000000;VERANO
Davy Klaassen;Everton;Werder Bremen;13,50 mill. €;13500000;VERANO
Sandro Wagner;TSG Hoffenheim;Bayern Múnich;13,00 mill. €;13000000;INVIERNO
Gerard Deulofeu;FC Barcelona;Watford;13,00 mill. €;13000000;VERANO
Alex Pritchard;Norwich;Huddersfield;12,35 mill. €;12350000;INVIERNO
Ezequiel Barco;Independiente;Atlanta United;12,28 mill. €;12280000;INVIERNO
Matej Vydra;Derby;FC Burnley;12,20 mill. €;12200000;VERANO
Josef;Fenerbahce;Ahli;12,00 mill. €;12000000;VERANO
Mitchell Weiser;Hertha Berlin;Bay. Leverkusen;12,00 mill. €;12000000;VERANO
Diego Rico;CD Leganés;Bournemouth;12,00 mill. €;12000000;VERANO
Mattia Perin;Genoa CFC;Juventus;12,00 mill. €;12000000;VERANO
Nemanja Radonjic;Estrella Roja;Marseille;12,00 mill. €;12000000;VERANO
Nacer Chadli;West Brom;Monaco;12,00 mill. €;12000000;VERANO
Maximiliano Romero;Vélez Sarsfield;PSV Eindhoven;12,00 mill. €;12000000;INVIERNO
Marcelo Saracchi;River Plate;RB Leipzig;12,00 mill. €;12000000;VERANO
Mikel Merino;Newcastle Utd.;Real Sociedad;12,00 mill. €;12000000;VERANO
Kévin Malcuit;LOSC Lille;SSC Napoli;12,00 mill. €;12000000;VERANO
M'Baye Niang;AC Milan;Torino;12,00 mill. €;12000000;VERANO
Jeison Murillo;Inter de Milán;Valencia CF;12,00 mill. €;12000000;VERANO
Willy Boly;FC Porto;Wolverhampton;12,00 mill. €;12000000;VERANO
Yerry Mina;Palmeiras;FC Barcelona;11,80 mill. €;11800000;INVIERNO
Lucas Pratto;São Paulo;River Plate;11,50 mill. €;11500000;INVIERNO
Dusan Tadic;FC Southampton;AFC Ajax;11,40 mill. €;11400000;VERANO
Josh Murphy;Norwich;Cardiff;11,40 mill. €;11400000;VERANO
Benik Afobe;Bournemouth;Wolverhampton;11,40 mill. €;11400000;VERANO
Bobby Reid;Bristol City;Cardiff;11,35 mill. €;11350000;VERANO
David Brooks;Sheffield Utd.;Bournemouth;11,30 mill. €;11300000;VERANO
Angus Gunn;Manchester City;FC Southampton;11,30 mill. €;11300000;VERANO
Tom Ince;Huddersfield;Stoke City;11,20 mill. €;11200000;VERANO
Santiago Arias;PSV Eindhoven;Atlético Madrid;11,00 mill. €;11000000;VERANO
Jonathan Viera;UD Las Palmas;BJ Sinobo Guoan;11,00 mill. €;11000000;INVIERNO
Gianluca Lapadula;AC Milan;Genoa CFC;11,00 mill. €;11000000;VERANO
Jô;Corinthians;Nagoya Grampus;11,00 mill. €;11000000;INVIERNO
Martin Terrier;LOSC Lille;Olymp. Lyonnais;11,00 mill. €;11000000;INVIERNO
Guilherme Arana;Corinthians;Sevilla FC;11,00 mill. €;11000000;INVIERNO
Cheikhou Kouyaté;West Ham Utd.;Crystal Palace;10,70 mill. €;10700000;VERANO
Yoshinori Muto;1.FSV Mainz 05;Newcastle Utd.;10,70 mill. €;10700000;VERANO
Suat Serdar;1.FSV Mainz 05;FC Schalke 04;10,50 mill. €;10500000;VERANO
Giuliano;Fenerbahce;Nasr;10,50 mill. €;10500000;VERANO
Marc Bartra;Bor. Dortmund;Real Betis;10,50 mill. €;10500000;INVIERNO
Wout Weghorst;AZ Alkmaar;VfL Wolfsburg;10,50 mill. €;10500000;VERANO
Odsonne Edouard;Paris SG;Celtic FC;10,30 mill. €;10300000;VERANO
Djaniny;Santos Laguna;Ahli;10,24 mill. €;10240000;VERANO
Jordan Hugill;Preston NE;West Ham Utd.;10,20 mill. €;10200000;INVIERNO
Bernardo;RB Leipzig;Brighton;10,00 mill. €;10000000;VERANO
Leonardo Pavoletti;SSC Napoli;Cagliari;10,00 mill. €;10000000;VERANO
Borja Iglesias;Celta de Vigo;Espanyol;10,00 mill. €;10000000;VERANO
Diego Falcinelli;Sassuolo;FC Bologna;10,00 mill. €;10000000;VERANO
Omar Mascarell;Real Madrid;FC Schalke 04;10,00 mill. €;10000000;VERANO
Vitinho;CSKA Moscú;Flamengo;10,00 mill. €;10000000;VERANO
Adama Diakhaby;Monaco;Huddersfield;10,00 mill. €;10000000;VERANO
Francesco Acerbi;Sassuolo;Lazio;10,00 mill. €;10000000;VERANO
Jordan Amavi;Aston Villa;Marseille;10,00 mill. €;10000000;VERANO
Pelé;Rio Ave FC;Monaco;10,00 mill. €;10000000;VERANO
Antonio Barreca;Torino;Monaco;10,00 mill. €;10000000;VERANO
Danilo;Braga;OGC Nice;10,00 mill. €;10000000;VERANO
Myziane Maolida;Olymp. Lyonnais;OGC Nice;10,00 mill. €;10000000;VERANO
Diafra Sakho;West Ham Utd.;Rennes;10,00 mill. €;10000000;INVIERNO
Federico Di Francesco;FC Bologna;Sassuolo;10,00 mill. €;10000000;VERANO
Soualiho Meïté;Monaco;Torino;10,00 mill. €;10000000;VERANO
Santiago Cáseres;Vélez Sarsfield;Villarreal CF;10,00 mill. €;10000000;VERANO
Davide Santon;Inter de Milán;AS Roma;9,50 mill. €;9500000;VERANO
Patrik Schick;UC Sampdoria;AS Roma;9,00 mill. €;9000000;VERANO
Alexander Sörloth;Midtjylland;Crystal Palace;9,00 mill. €;9000000;INVIERNO
Lukasz Skorupski;AS Roma;FC Bologna;9,00 mill. €;9000000;VERANO
Antonino La Gumina;US Palermo;FC Empoli;9,00 mill. €;9000000;VERANO
Riccardo Saponara;FC Empoli;Fiorentina;9,00 mill. €;9000000;VERANO
Germán Pezzella;Real Betis;Fiorentina;9,00 mill. €;9000000;VERANO
Fedor Smolov;Krasnodar;Loko Moskva;9,00 mill. €;9000000;VERANO
Jordan Siebatcheu;Reims;Rennes;9,00 mill. €;9000000;VERANO
Khouma Babacar;Fiorentina;Sassuolo;9,00 mill. €;9000000;VERANO
Pablo Maffeo;Man City U23;VfB Stuttgart;9,00 mill. €;9000000;VERANO
Ramiro Funes Mori;Everton;Villarreal CF;9,00 mill. €;9000000;VERANO
Nikola Vukcevic;Braga;Levante UD;8,90 mill. €;8900000;VERANO
Guido Pizarro;Sevilla FC;Tigres UANL;8,70 mill. €;8700000;VERANO
Keno;Palmeiras;Pyramids FC;8,60 mill. €;8600000;VERANO
Roger Martínez;Villarreal CF;América;8,50 mill. €;8500000;VERANO
Robin Olsen;FC Copenhague;AS Roma;8,50 mill. €;8500000;VERANO
Alban Lafont;Toulouse;Fiorentina;8,50 mill. €;8500000;VERANO
Samuel Kalu;KAA Gent;G. Bordeaux;8,50 mill. €;8500000;VERANO
Nordin Amrabat;Watford;Nasr;8,50 mill. €;8500000;VERANO
Andriy Lunin;Zorya Luhansk;Real Madrid;8,50 mill. €;8500000;VERANO
Aleix Vidal;FC Barcelona;Sevilla FC;8,50 mill. €;8500000;VERANO
Nicólas González;Argentinos;VfB Stuttgart;8,50 mill. €;8500000;VERANO
Hassane Bandé;KV Mechelen;AFC Ajax;8,25 mill. €;8250000;VERANO
Jean-Philippe Mateta;Olymp. Lyonnais;1.FSV Mainz 05;8,00 mill. €;8000000;VERANO
Gabriel;CD Leganés;Benfica;8,00 mill. €;8000000;VERANO
Fran Beltrán;Rayo Vallecano;Celta de Vigo;8,00 mill. €;8000000;VERANO
Sergi Darder;Olymp. Lyonnais;Espanyol;8,00 mill. €;8000000;VERANO
Mattéo Guendouzi;FC Lorient;FC Arsenal;8,00 mill. €;8000000;VERANO
Anthony Limbombe;Club Brugge;FC Nantes;8,00 mill. €;8000000;VERANO
Christian Cueva;São Paulo;Krasnodar;8,00 mill. €;8000000;VERANO
Aden Flint;Bristol City;Middlesbrough;8,00 mill. €;8000000;VERANO
Tanguy Ndombélé;SC Amiens;Olymp. Lyonnais;8,00 mill. €;8000000;VERANO
Rafik Guitane;AC Le Havre;Rennes;8,00 mill. €;8000000;INVIERNO
Bubacarr Sanneh;Midtjylland;RSC Anderlecht;8,00 mill. €;8000000;VERANO
Samuel Gigot;KAA Gent;Spartak Moskva;8,00 mill. €;8000000;VERANO
Sofiane Hanni;RSC Anderlecht;Spartak Moskva;8,00 mill. €;8000000;INVIERNO
Armando Izzo;Genoa CFC;Torino;8,00 mill. €;8000000;VERANO
Kasim Adams;BSC Young Boys;TSG Hoffenheim;8,00 mill. €;8000000;VERANO
Ignacio Pussetto;Huracán;Udinese Calcio;8,00 mill. €;8000000;VERANO
Cristiano Piccini;Sporting CP;Valencia CF;8,00 mill. €;8000000;VERANO
Admir Mehmedi;Bay. Leverkusen;VfL Wolfsburg;8,00 mill. €;8000000;INVIERNO
Lukasz Fabianski;Swansea City;West Ham Utd.;8,00 mill. €;8000000;VERANO
Stuart Armstrong;Celtic FC;FC Southampton;7,95 mill. €;7950000;VERANO
Patrick Bamford;Middlesbrough;Leeds;7,90 mill. €;7900000;VERANO
Omar Colley;KRC Genk;UC Sampdoria;7,75 mill. €;7750000;VERANO
Pierre Kunde Malong;Atlético Madrid;1.FSV Mainz 05;7,50 mill. €;7500000;VERANO
Andrea Favilli;Ascoli;Juventus;7,50 mill. €;7500000;VERANO
Valon Berisha;RB Salzburg;Lazio;7,50 mill. €;7500000;VERANO
Wendel;Fluminense;Sporting CP;7,50 mill. €;7500000;INVIERNO
Sam Johnstone;Man Utd.;West Brom;7,35 mill. €;7350000;VERANO
Oghenekaro Etebo;Feirense;Stoke City;7,20 mill. €;7200000;VERANO
Davide Bettella;Inter de Milán;Atalanta;7,00 mill. €;7000000;VERANO
Jonny Castro;Celta de Vigo;Atlético Madrid;7,00 mill. €;7000000;VERANO
Martín Montoya;Valencia CF;Brighton;7,00 mill. €;7000000;VERANO
Néstor Araujo;Santos Laguna;Celta de Vigo;7,00 mill. €;7000000;VERANO
Paulinho;Portimonense;FC Porto;7,00 mill. €;7000000;VERANO
Salif Sané;Hannover 96;FC Schalke 04;7,00 mill. €;7000000;VERANO
Hamza Mendyl;LOSC Lille;FC Schalke 04;7,00 mill. €;7000000;VERANO
Federico Dimarco;FC Sion;Inter de Milán;7,00 mill. €;7000000;VERANO
Mikel Merino;Bor. Dortmund;Newcastle Utd.;7,00 mill. €;7000000;VERANO
Pol Lirola;Juventus;Sassuolo;7,00 mill. €;7000000;INVIERNO
Tomas Vaclik;FC Basel;Sevilla FC;7,00 mill. €;7000000;VERANO
Wahbi Khazri;AFC Sunderland;St-Étienne;7,00 mill. €;7000000;VERANO
Romarinho;Al-Jazira;ttihad;7,00 mill. €;7000000;VERANO
Marcel Tisserand;FC Ingolstadt;VfL Wolfsburg;7,00 mill. €;7000000;VERANO
Carlos Bacca;AC Milan;Villarreal CF;7,00 mill. €;7000000;VERANO
Milot Rashica;Vitesse;Werder Bremen;7,00 mill. €;7000000;INVIERNO
Nicolás Castillo;UNAM Pumas;Benfica;6,85 mill. €;6850000;VERANO
Gary Madine;Bolton;Cardiff;6,80 mill. €;6800000;INVIERNO
Lewis Grabban;Bournemouth;Nottm Forest;6,80 mill. €;6800000;VERANO
Joe Bryan;Bristol City;FC Fulham;6,70 mill. €;6700000;VERANO
Federico Fernández;Swansea City;Newcastle Utd.;6,70 mill. €;6700000;VERANO
Sam Clucas;Swansea City;Stoke City;6,70 mill. €;6700000;VERANO
Maycon;Corinthians;Shakhtar D.;6,60 mill. €;6600000;VERANO
Lucas Castro;Chievo Verona;Cagliari;6,50 mill. €;6500000;VERANO
Vladyslav Supriaha;SK Dnipro-1;Dynamo Kyiv;6,50 mill. €;6500000;VERANO
Valentino Lazaro;RB Salzburg;Hertha Berlin;6,50 mill. €;6500000;VERANO
Ramadan Sobhi;Stoke City;Huddersfield;6,50 mill. €;6500000;VERANO
Riza Durmisi;Real Betis;Lazio;6,50 mill. €;6500000;VERANO
Jason Denayer;Manchester City;Olymp. Lyonnais;6,50 mill. €;6500000;VERANO
Raphinha;Vit. Guimarães;Sporting CP;6,50 mill. €;6500000;VERANO
Ronaldo Vieira;Leeds;UC Sampdoria;6,50 mill. €;6500000;VERANO
Raúl Ruidíaz;Morelia;Sounders FC;6,36 mill. €;6360000;VERANO
Raphael Dwamena;FC Zürich;Levante UD;6,20 mill. €;6200000;VERANO
Moritz Bauer;Rubin Kazan;Stoke City;6,20 mill. €;6200000;INVIERNO
Moussa Niakhaté;FC Metz;1.FSV Mainz 05;6,00 mill. €;6000000;VERANO
Zakaria Labyad;FC Utrecht;AFC Ajax;6,00 mill. €;6000000;VERANO
Ante Coric;Dinamo Zagreb;AS Roma;6,00 mill. €;6000000;VERANO
Florin Andone;RC Deportivo;Brighton;6,00 mill. €;6000000;VERANO
Youssef En-Nesyri;Málaga CF;CD Leganés;6,00 mill. €;6000000;VERANO
Okay Yokuslu;Trabzonspor;Celta de Vigo;6,00 mill. €;6000000;VERANO
Federico Santander;FC Copenhague;FC Bologna;6,00 mill. €;6000000;VERANO
Fabri;Besiktas;FC Fulham;6,00 mill. €;6000000;VERANO
Majeed Waris;FC Lorient;FC Porto;6,00 mill. €;6000000;VERANO
Federico Valietti;Inter de Milán;Genoa CFC;6,00 mill. €;6000000;VERANO
Walace;Hamburgo;Hannover 96;6,00 mill. €;6000000;VERANO
Ayoub El Kaabi;RS Berkane;HB CFFC;6,00 mill. €;6000000;VERANO
Bafétimbi Gomis;Galatasaray;Hilal;6,00 mill. €;6000000;VERANO
Uros Spajic;RSC Anderlecht;Krasnodar;6,00 mill. €;6000000;VERANO
Ronaël Pierre-Gabriel;St-Étienne;Monaco;6,00 mill. €;6000000;VERANO
Abderazak Hamdallah;Al Rayyan;Nasr;6,00 mill. €;6000000;VERANO
Érick Gutiérrez;CF Pachuca;PSV Eindhoven;6,00 mill. €;6000000;VERANO
Diego Rolan;G. Bordeaux;RC Deportivo;6,00 mill. €;6000000;VERANO
Héctor Moreno;AS Roma;Real Sociedad;6,00 mill. €;6000000;INVIERNO
William Bianda;Lens;Roma U19;6,00 mill. €;6000000;VERANO
Marlon;FC Barcelona;Sassuolo;6,00 mill. €;6000000;VERANO
Roque Mesa;Swansea City;Sevilla FC;6,00 mill. €;6000000;VERANO
Igor Coronado;US Palermo;Sharjah FC;6,00 mill. €;6000000;VERANO
Tomás Rincón;Juventus;Torino;6,00 mill. €;6000000;VERANO
Leonardo Bittencourt;1.FC Köln;TSG Hoffenheim;6,00 mill. €;6000000;VERANO
Daniel Wass;Celta de Vigo;Valencia CF;6,00 mill. €;6000000;VERANO
Borna Sosa;Dinamo Zagreb;VfB Stuttgart;6,00 mill. €;6000000;VERANO
Milton Caraglio;Atlas;CD Cruz Azul;5,98 mill. €;5980000;VERANO
Elías Hernández;León;CD Cruz Azul;5,94 mill. €;5940000;VERANO
Bremer;Atlético-MG;Torino;5,80 mill. €;5800000;VERANO
Nico Gaitán;Atlético Madrid;DL Yifang;5,75 mill. €;5750000;INVIERNO
Éder;Inter de Milán;JS Suning;5,70 mill. €;5700000;VERANO
André Horta;Benfica;Los Angeles FC;5,70 mill. €;5700000;VERANO
Paddy McNair;AFC Sunderland;Middlesbrough;5,70 mill. €;5700000;VERANO
Ricardo Centurión;Genoa CFC;Racing Club;5,70 mill. €;5700000;INVIERNO
Martyn Waghorn;Ipswich;Derby;5,60 mill. €;5600000;VERANO
James McClean;West Brom;Stoke City;5,60 mill. €;5600000;VERANO
João Moutinho;Monaco;Wolverhampton;5,60 mill. €;5600000;VERANO
José Fonte;West Ham Utd.;DL Yifang;5,57 mill. €;5570000;INVIERNO
Fabio Borini;AFC Sunderland;AC Milan;5,50 mill. €;5500000;VERANO
Rasmus Kristensen;Midtjylland;AFC Ajax;5,50 mill. €;5500000;INVIERNO
Walter Montoya;Sevilla FC;CD Cruz Azul;5,50 mill. €;5500000;INVIERNO
Javier Mascherano;FC Barcelona;HB CFFC;5,50 mill. €;5500000;INVIERNO
Richmond Boakye;Estrella Roja;JS Suning;5,50 mill. €;5500000;INVIERNO
Denzel Dumfries;Heerenveen;PSV Eindhoven;5,50 mill. €;5500000;VERANO
Angeliño;Man City U23;PSV Eindhoven;5,50 mill. €;5500000;VERANO
Fernando;Palmeiras;Shakhtar D.;5,50 mill. €;5500000;VERANO
Mário Rui;AS Roma;SSC Napoli;5,50 mill. €;5500000;INVIERNO
Vincenzo Grifo;Bor. M'gladbach;TSG Hoffenheim;5,50 mill. €;5500000;VERANO
Ishak Belfodil;Standard Lieja;TSG Hoffenheim;5,50 mill. €;5500000;VERANO
Dodô;Inter de Milán;UC Sampdoria;5,50 mill. €;5500000;INVIERNO
Carlos Eduardo;Goiás EC;Pyramids FC;5,20 mill. €;5200000;VERANO
Carlos Izquierdoz;Santos Laguna;Boca Juniors;5,15 mill. €;5150000;VERANO
Jesús Gallardo;UNAM Pumas;Monterrey;5,15 mill. €;5150000;VERANO
Adam Forshaw;Middlesbrough;Leeds;5,10 mill. €;5100000;INVIERNO
Rodriguinho;Corinthians;Pyramids FC;5,10 mill. €;5100000;VERANO
Marco Tumminello;AS Roma;Atalanta;5,00 mill. €;5000000;VERANO
Bryan Cristante;Benfica;Atalanta;5,00 mill. €;5000000;VERANO
Marco Carraro;Inter de Milán;Atalanta;5,00 mill. €;5000000;VERANO
Federico Mattiello;Juventus;Atalanta;5,00 mill. €;5000000;INVIERNO
Pietro Iemmello;Sassuolo;Benevento;5,00 mill. €;5000000;VERANO
Esteban Andrada;Lanús;Boca Juniors;5,00 mill. €;5000000;VERANO
Marius Wolf;E. de Francfort;Bor. Dortmund;5,00 mill. €;5000000;VERANO
José Manuel Arnáiz;FC Barcelona B;CD Leganés;5,00 mill. €;5000000;VERANO
Mathias Jensen;Nordsjælland;Celta de Vigo;5,00 mill. €;5000000;VERANO
Kaveh Rezaei;RSC Charleroi;Club Brugge;5,00 mill. €;5000000;VERANO
Juan Iturbe;AS Roma;Club Tijuana;5,00 mill. €;5000000;VERANO
Sidcley;Atlético-PR;Dynamo Kyiv;5,00 mill. €;5000000;VERANO
Evan N'Dicka;AJ Auxerre;E. de Francfort;5,00 mill. €;5000000;VERANO
Carlos Salcedo;Chivas;E. de Francfort;5,00 mill. €;5000000;VERANO
Moussa Wagué;KAS Eupen;FC Barcelona B;5,00 mill. €;5000000;VERANO
Christian Kouamé;Cittadella;Genoa CFC;5,00 mill. €;5000000;VERANO
Ignasi Miquel;Málaga CF;Getafe CF;5,00 mill. €;5000000;VERANO
Nemanja Maksimovic;Valencia CF;Getafe CF;5,00 mill. €;5000000;VERANO
Johan Mojica;Rayo Vallecano;Girona FC;5,00 mill. €;5000000;VERANO
Marc Muniesa;Stoke City;Girona FC;5,00 mill. €;5000000;VERANO
Achraf Bencharki;Wydad AC;Hilal;5,00 mill. €;5000000;INVIERNO
Florent Hadergjonaj;FC Ingolstadt;Huddersfield;5,00 mill. €;5000000;VERANO
Giangiacomo Magnani;Perugia;Juventus;5,00 mill. €;5000000;VERANO
Moses Simon;KAA Gent;Levante UD;5,00 mill. €;5000000;VERANO
Benedikt Höwedes;FC Schalke 04;Loko Moskva;5,00 mill. €;5000000;VERANO
Carlos Vela;Real Sociedad;Los Angeles FC;5,00 mill. €;5000000;INVIERNO
Jonathan Ikoné;Paris SG;LOSC Lille;5,00 mill. €;5000000;VERANO
Petros;São Paulo;Nasr;5,00 mill. €;5000000;VERANO
Christophe Hérelle;Troyes;OGC Nice;5,00 mill. €;5000000;VERANO
Lenny Pintor;Stade Brestois;Olymp. Lyonnais;5,00 mill. €;5000000;VERANO
Juan Bernat;Bayern Múnich;Paris SG;5,00 mill. €;5000000;VERANO
Álvaro García;Cádiz CF;Rayo Vallecano;5,00 mill. €;5000000;VERANO
Jens Odgaard;Inter de Milán;Sassuolo;5,00 mill. €;5000000;VERANO
Giangiacomo Magnani;Juventus;Sassuolo;5,00 mill. €;5000000;VERANO
Luca Waldschmidt;Hamburgo;SC Freiburg;5,00 mill. €;5000000;VERANO
Sergi Gómez;Celta de Vigo;Sevilla FC;5,00 mill. €;5000000;VERANO
Rémy Cabella;Marseille;St-Étienne;5,00 mill. €;5000000;VERANO
Firmin Mubele;Rennes;Toulouse;5,00 mill. €;5000000;VERANO
Felipe Vizeu;Flamengo;Udinese Calcio;5,00 mill. €;5000000;VERANO
Fabrício;Portimonense;Urawa Reds;5,00 mill. €;5000000;VERANO
Gonzalo Castro;Bor. Dortmund;VfB Stuttgart;5,00 mill. €;5000000;VERANO
Jérôme Roussillon;Montpellier;VfL Wolfsburg;5,00 mill. €;5000000;VERANO
Adam Masina;FC Bologna;Watford;5,00 mill. €;5000000;VERANO
Dodi Lukebakio;RSC Charleroi;Watford;5,00 mill. €;5000000;INVIERNO
Ahmed Hegazy;Ahly;West Brom;5,00 mill. €;5000000;INVIERNO
Rafael Silva;Urawa Reds;WH Zall;5,00 mill. €;5000000;INVIERNO
Tchê Tchê;Palmeiras;Dynamo Kyiv;4,80 mill. €;4800000;VERANO
Orlando Sá;Standard Lieja;HN Jianye;4,80 mill. €;4800000;INVIERNO
Jasmin Kurtic;Atalanta;SPAL;4,80 mill. €;4800000;VERANO
Nicolò Zaniolo;Inter de Milán;AS Roma;4,50 mill. €;4500000;VERANO
Augusto Fernández;Atlético Madrid;BJ Renhe;4,50 mill. €;4500000;INVIERNO
Andreas Poulsen;Midtjylland;Bor. M'gladbach;4,50 mill. €;4500000;VERANO
David Button;FC Fulham;Brighton;4,50 mill. €;4500000;VERANO
Silvan Widmer;Udinese Calcio;FC Basel;4,50 mill. €;4500000;VERANO
Mattias Svanberg;Malmö FF;FC Bologna;4,50 mill. €;4500000;VERANO
Chancel Mbemba;Newcastle Utd.;FC Porto;4,50 mill. €;4500000;VERANO
Krzysztof Piatek;Cracovia Kraków;Genoa CFC;4,50 mill. €;4500000;VERANO
Genki Haraguchi;Hertha Berlin;Hannover 96;4,50 mill. €;4500000;VERANO
Roland Sallai;APOEL FC;SC Freiburg;4,50 mill. €;4500000;VERANO
John Egan;Brentford;Sheffield Utd.;4,50 mill. €;4500000;VERANO
Abdoulay Diaby;Club Brugge;Sporting CP;4,50 mill. €;4500000;VERANO
Bruno Gaspar;Fiorentina;Sporting CP;4,50 mill. €;4500000;VERANO
Yuya Osako;1.FC Köln;Werder Bremen;4,50 mill. €;4500000;VERANO
Kyle Bartley;Swansea City;West Brom;4,50 mill. €;4500000;VERANO
Elmir Nabiullin;Rubin Kazan;Zenit S-Pb;4,50 mill. €;4500000;INVIERNO
Carlos Sánchez;Fiorentina;West Ham Utd.;4,45 mill. €;4450000;VERANO
Lucas Pérez;FC Arsenal;West Ham Utd.;4,40 mill. €;4400000;VERANO
Pierluigi Gollini;Aston Villa;Atalanta;4,30 mill. €;4300000;VERANO
Iván Marcone;Lanús;CD Cruz Azul;4,28 mill. €;4280000;VERANO
Ayrton Preciado;CS Emelec;Santos Laguna;4,25 mill. €;4250000;VERANO
Aleksandar Pesic;Estrella Roja;ttihad;4,20 mill. €;4200000;VERANO
Dimitri Oberlin;RB Salzburg;FC Basel;4,10 mill. €;4100000;VERANO
Jeremain Lens;AFC Sunderland;Besiktas;4,09 mill. €;4090000;VERANO
Dominick Drexler;Midtjylland;1.FC Köln;4,00 mill. €;4000000;VERANO
Nicolás Tagliafico;Independiente;AFC Ajax;4,00 mill. €;4000000;INVIERNO
John Guidetti;Celta de Vigo;Alavés;4,00 mill. €;4000000;VERANO
Marcos Guilherme;Atlético-PR;Al-Wahda;4,00 mill. €;4000000;VERANO
Antonio Mirante;FC Bologna;AS Roma;4,00 mill. €;4000000;VERANO
Arkadiusz Reca;Wis?a P?ock;Atalanta;4,00 mill. €;4000000;VERANO
Adam Webster;Ipswich;Bristol City;4,00 mill. €;4000000;VERANO
Greg Cunningham;Preston NE;Cardiff;4,00 mill. €;4000000;VERANO
Alex Smithies;QPR;Cardiff;4,00 mill. €;4000000;VERANO
Arnór Sigurdsson;Norrköping;CSKA Moscú;4,00 mill. €;4000000;VERANO
Ivan Oblyakov;Ufa;CSKA Moscú;4,00 mill. €;4000000;VERANO
Benjamin Verbic;FC Copenhague;Dynamo Kyiv;4,00 mill. €;4000000;INVIERNO
Mikkel Duelund;Midtjylland;Dynamo Kyiv;4,00 mill. €;4000000;VERANO
Maxime Le Marchand;OGC Nice;FC Fulham;4,00 mill. €;4000000;VERANO
Lucas Evangelista;Udinese Calcio;FC Nantes;4,00 mill. €;4000000;VERANO
João Pedro;Palmeiras;FC Porto;4,00 mill. €;4000000;VERANO
Éder Militão;São Paulo;FC Porto;4,00 mill. €;4000000;VERANO
Jailson;Grêmio;Fenerbahce;4,00 mill. €;4000000;VERANO
Bryan Dabo;St-Étienne;Fiorentina;4,00 mill. €;4000000;INVIERNO
Emre Akbaba;Alanyaspor;Galatasaray;4,00 mill. €;4000000;VERANO
Iván Alejo;SD Eibar;Getafe CF;4,00 mill. €;4000000;VERANO
Ezequiel Cerutti;San Lorenzo;Hilal;4,00 mill. €;4000000;INVIERNO
Jonny Evans;West Brom;Leicester City;4,00 mill. €;4000000;VERANO
Jack Harrison;NYCFC;Manchester City;4,00 mill. €;4000000;INVIERNO
Fabian Schär;RC Deportivo;Newcastle Utd.;4,00 mill. €;4000000;VERANO
Martin Dubravka;Sparta Praha;Newcastle Utd.;4,00 mill. €;4000000;VERANO
Ribamar;Atlético-PR;Pyramids FC;4,00 mill. €;4000000;VERANO
Lebo Mothiba;LOSC Lille;R. Strasbourg;4,00 mill. €;4000000;VERANO
Matz Sels;Newcastle Utd.;R. Strasbourg;4,00 mill. €;4000000;VERANO
Omar Mascarell;E. de Francfort;Real Madrid;4,00 mill. €;4000000;VERANO
Ghislain Konan;Vit. Guimarães;Reims;4,00 mill. €;4000000;VERANO
Clément Grenier;Guingamp;Rennes;4,00 mill. €;4000000;VERANO
Saman Ghoddos;Östersund;SC Amiens;4,00 mill. €;4000000;VERANO
Sergio Álvarez;Sporting;SD Eibar;4,00 mill. €;4000000;VERANO
Alberto Paloschi;Atalanta;SPAL;4,00 mill. €;4000000;VERANO
Carlos Vinícius;Real SC;SSC Napoli;4,00 mill. €;4000000;VERANO
Baptiste Reynet;Dijon;Toulouse;4,00 mill. €;4000000;VERANO
Daniel Didavi;VfL Wolfsburg;VfB Stuttgart;4,00 mill. €;4000000;VERANO
Miguel Layún;FC Porto;Villarreal CF;4,00 mill. €;4000000;VERANO
Fabián Balbuena;Corinthians;West Ham Utd.;4,00 mill. €;4000000;VERANO
Léo Bonatini;Hilal;Wolverhampton;4,00 mill. €;4000000;VERANO
Joe Hart;Manchester City;FC Burnley;3,90 mill. €;3900000;VERANO
Sam Baldock;Brighton;Reading;3,90 mill. €;3900000;VERANO
Jeremie Boga;Chelsea U23;Sassuolo;3,90 mill. €;3900000;VERANO
Pontus Dahlberg;IFK Göteborg;Watford;3,90 mill. €;3900000;INVIERNO
Juan Musso;Racing Club;Udinese Calcio;3,85 mill. €;3850000;VERANO
Anthony Ujah;Liaoning FC;1.FSV Mainz 05;3,80 mill. €;3800000;INVIERNO
Nicolae Stanciu;RSC Anderlecht;Sparta Praha;3,75 mill. €;3750000;INVIERNO
Kenny Saief;KAA Gent;RSC Anderlecht;3,70 mill. €;3700000;VERANO
Johnathan;Suwon Bluewings;TJ Teda;3,70 mill. €;3700000;INVIERNO
Claudio Spinelli;Tigre;Genoa CFC;3,60 mill. €;3600000;VERANO
Louis Schaub;Rapid Viena;1.FC Köln;3,50 mill. €;3500000;VERANO
Jean-Paul Boëtius;Feyenoord;1.FSV Mainz 05;3,50 mill. €;3500000;VERANO
Germán Conti;Colón;Benfica;3,50 mill. €;3500000;VERANO
Matej Mitrovic;Besiktas;Club Brugge;3,50 mill. €;3500000;VERANO
Lucas Torró;Real Madrid;E. de Francfort;3,50 mill. €;3500000;VERANO
Felipe Avenatti;Luqueño;FC Bologna;3,50 mill. €;3500000;VERANO
Christian Nörgaard;Brøndby IF;Fiorentina;3,50 mill. €;3500000;VERANO
David Hancko;MSK Zilina;Fiorentina;3,50 mill. €;3500000;VERANO
Toma Basic;Hajduk Split;G. Bordeaux;3,50 mill. €;3500000;VERANO
Andrew Gravillon;Benevento;Pescara;3,50 mill. €;3500000;INVIERNO
Thomas Foket;KAA Gent;Reims;3,50 mill. €;3500000;VERANO
Frank Acheampong;RSC Anderlecht;TJ Teda;3,50 mill. €;3500000;INVIERNO
Nicolas N'Koulou;Olymp. Lyonnais;Torino;3,50 mill. €;3500000;VERANO
Joshua Brenet;PSV Eindhoven;TSG Hoffenheim;3,50 mill. €;3500000;VERANO
Lukasz Teodorczyk;RSC Anderlecht;Udinese Calcio;3,50 mill. €;3500000;VERANO
Octavio Rivero;Colo Colo;Atlas;3,42 mill. €;3420000;VERANO
Jack Marriott;Peterborough;Derby;3,40 mill. €;3400000;VERANO
Cyrus Christie;Middlesbrough;FC Fulham;3,40 mill. €;3400000;INVIERNO
Fernando Karanga;CSKA Sofia;HN Jianye;3,40 mill. €;3400000;VERANO
Silvio Romero;América;Independiente;3,40 mill. €;3400000;INVIERNO
Fernando Gaibor;CS Emelec;Independiente;3,40 mill. €;3400000;INVIERNO
Barry Douglas;Wolverhampton;Leeds;3,40 mill. €;3400000;VERANO
Connor Goldson;Brighton;Rangers FC;3,40 mill. €;3400000;VERANO
Bersant Celina;Manchester City;Swansea City;3,40 mill. €;3400000;VERANO
José Sosa;AC Milan;Trabzonspor;3,40 mill. €;3400000;INVIERNO
Andrés Ibargüen;Racing Club;América;3,30 mill. €;3300000;INVIERNO
Dan Burn;Wigan;Brighton;3,30 mill. €;3300000;VERANO
Federico Viviani;Hellas Verona;SPAL;3,30 mill. €;3300000;VERANO
William Troost-Ekong;Bursaspor;Udinese Calcio;3,30 mill. €;3300000;VERANO
George Puscas;Inter de Milán;US Palermo;3,30 mill. €;3300000;VERANO
Magomed Ozdoev;Rubin Kazan;Zenit S-Pb;3,30 mill. €;3300000;INVIERNO
Steve;YB Funde;Vejle BK;3,28 mill. €;3280000;INVIERNO
Bruno Zuculini;Hellas Verona;River Plate;3,25 mill. €;3250000;INVIERNO
Percy Tau;Sundowns;Brighton;3,20 mill. €;3200000;VERANO
Damir Ceter;Quindío;Cagliari;3,20 mill. €;3200000;INVIERNO
Steven Skrzybski;Union Berlin;FC Schalke 04;3,20 mill. €;3200000;VERANO
Ognjen Vranjes;AEK Atenas;RSC Anderlecht;3,20 mill. €;3200000;VERANO
Peter Olayinka;KAA Gent;Slavia Praha;3,20 mill. €;3200000;VERANO
Franco Armani;Atl. Nacional;River Plate;3,15 mill. €;3150000;INVIERNO
John McGinn;Hibernian FC;Aston Villa;3,10 mill. €;3100000;VERANO
Florian Jozefzoon;Brentford;Derby;3,10 mill. €;3100000;VERANO
Vincent Koziello;OGC Nice;1.FC Köln;3,00 mill. €;3000000;INVIERNO
Simon Terodde;VfB Stuttgart;1.FC Köln;3,00 mill. €;3000000;INVIERNO
Virgil Misidjan;Ludogorets;1.FC Nürnberg;3,00 mill. €;3000000;VERANO
Patrick Twumasi;FC Astana;Alavés;3,00 mill. €;3000000;VERANO
Anselmo;Internacional;Al-Wahda;3,00 mill. €;3000000;VERANO
Örjan Nyland;FC Ingolstadt;Aston Villa;3,00 mill. €;3000000;VERANO
Ander Capa;SD Eibar;Athletic;3,00 mill. €;3000000;VERANO
Andrés Tello;Juventus;Benevento;3,00 mill. €;3000000;VERANO
Luca Antei;Sassuolo;Benevento;3,00 mill. €;3000000;VERANO
Vágner Love;Alanyaspor;Besiktas;3,00 mill. €;3000000;INVIERNO
Sergio Gómez;Barça Juvenil A;Bor. Dortmund;3,00 mill. €;3000000;INVIERNO
Bruno Viana;Olympiacos FC;Braga;3,00 mill. €;3000000;VERANO
Federico Barba;Sporting;Chievo Verona;3,00 mill. €;3000000;VERANO
Karlo Letica;Hajduk Split;Club Brugge;3,00 mill. €;3000000;VERANO
Siebe Schrijvers;KRC Genk;Club Brugge;3,00 mill. €;3000000;VERANO
Sebá;Olympiacos FC;CQ Dangdai Lif.;3,00 mill. €;3000000;VERANO
Goncalo Paciencia;FC Porto;E. de Francfort;3,00 mill. €;3000000;VERANO
Fredrik Jensen;FC Twente;FC Augsburg;3,00 mill. €;3000000;VERANO
André Hahn;Hamburgo;FC Augsburg;3,00 mill. €;3000000;VERANO
Jamiro Monteiro;Heracles Almelo;FC Metz;3,00 mill. €;3000000;VERANO
Mathieu Dossevi;Standard Lieja;FC Metz;3,00 mill. €;3000000;VERANO
Ewerton;Portimonense;FC Porto;3,00 mill. €;3000000;VERANO
Saidy Janko;St-Étienne;FC Porto;3,00 mill. €;3000000;VERANO
Federico Ceccherini;Crotone;Fiorentina;3,00 mill. €;3000000;VERANO
Robert Piris;San Lorenzo;Flamengo;3,00 mill. €;3000000;VERANO
David Soria;Sevilla FC;Getafe CF;3,00 mill. €;3000000;VERANO
Igor Plastun;Ludogorets;KAA Gent;3,00 mill. €;3000000;VERANO
Arnaud Souquet;OGC Nice;KAA Gent;3,00 mill. €;3000000;VERANO
Giorgi Kvilitaia;Rapid Viena;KAA Gent;3,00 mill. €;3000000;VERANO
Joseph Paintsil;Tema Youth;KRC Genk;3,00 mill. €;3000000;VERANO
Jonathan Panzo;Chelsea U18;Monaco;3,00 mill. €;3000000;VERANO
Samuel Grandsir;Troyes;Monaco;3,00 mill. €;3000000;VERANO
Gaëtan Laborde;G. Bordeaux;Montpellier;3,00 mill. €;3000000;VERANO
Denis Bouanga;FC Lorient;Nîmes Olympique;3,00 mill. €;3000000;VERANO
El Arbi Hillel Soudani;Dinamo Zagreb;Nottm Forest;3,00 mill. €;3000000;VERANO
Youcef Atal;KV Kortrijk;OGC Nice;3,00 mill. €;3000000;VERANO
Stefan Mitrovic;KAA Gent;R. Strasbourg;3,00 mill. €;3000000;VERANO
Karim Adeyemi;U'haching U19;RB Salzburg;3,00 mill. €;3000000;VERANO
Hyun-jun Suk;Troyes;Reims;3,00 mill. €;3000000;VERANO
Elias Cobbaut;KV Mechelen;RSC Anderlecht;3,00 mill. €;3000000;VERANO
Ivan Santini;SM Caen;RSC Anderlecht;3,00 mill. €;3000000;VERANO
Dominique Heintz;1.FC Köln;SC Freiburg;3,00 mill. €;3000000;VERANO
Olarenwaju Kayode;Manchester City;Shakhtar D.;3,00 mill. €;3000000;VERANO
Enzo Crivelli;SCO Angers;SM Caen;3,00 mill. €;3000000;VERANO
Seydou Doumbia;AS Roma;Sporting CP;3,00 mill. €;3000000;INVIERNO
Samuel Bastien;Chievo Verona;Standard Lieja;3,00 mill. €;3000000;VERANO
Mario Gómez;VfL Wolfsburg;VfB Stuttgart;3,00 mill. €;3000000;INVIERNO
Felix Klaus;Hannover 96;VfL Wolfsburg;3,00 mill. €;3000000;VERANO
Felix Beijmo;Djurgarden;Werder Bremen;3,00 mill. €;3000000;VERANO
Henrique Dourado;Fluminense;Flamengo;2,90 mill. €;2900000;INVIERNO
Ezri Konsa;Charlton;Brentford;2,85 mill. €;2850000;VERANO
Tyler Roberts;West Brom U23;Leeds;2,85 mill. €;2850000;INVIERNO
Michael Lang;FC Basel;Bor. M'gladbach;2,80 mill. €;2800000;VERANO
Hördur Magnússon;Bristol City;CSKA Moscú;2,80 mill. €;2800000;VERANO
Frederik Rönnow;Brøndby IF;E. de Francfort;2,80 mill. €;2800000;VERANO
Marcelo Díaz;UNAM Pumas;Racing Club;2,80 mill. €;2800000;VERANO
Ben Foster;West Brom;Watford;2,80 mill. €;2800000;VERANO
Jaroslaw Jach;Zag??bie;Crystal Palace;2,75 mill. €;2750000;INVIERNO
Ryan Thomas;PEC Zwolle;PSV Eindhoven;2,75 mill. €;2750000;VERANO
Josip Misic;HNK Rijeka;Sporting CP;2,75 mill. €;2750000;INVIERNO
Hussein El Shahat;El Makasa;Al-Ain FC;2,70 mill. €;2700000;VERANO
Viktor Fischer;1.FSV Mainz 05;FC Copenhague;2,70 mill. €;2700000;INVIERNO
Ahmed El Shenawy;Zamalek;Pyramids FC;2,65 mill. €;2650000;VERANO
Alexandru Baluta;CS U Craiova;Slavia Praha;2,65 mill. €;2650000;VERANO
Michael Frey;FC Zürich;Fenerbahce;2,64 mill. €;2640000;VERANO
Walter González;Olimpia;CF Pachuca;2,63 mill. €;2630000;VERANO
David;EC Vitória;Cruzeiro;2,60 mill. €;2600000;INVIERNO
Florent Mollet;FC Metz;Montpellier;2,60 mill. €;2600000;VERANO
Miler Bolaños;Grêmio;Club Tijuana;2,57 mill. €;2570000;VERANO
Diego Souza;Sport Recife;São Paulo;2,56 mill. €;2560000;INVIERNO
Fernandão;Fenerbahce;Al-Wahda;2,55 mill. €;2550000;VERANO
Fred;Atlético-MG;Cruzeiro;2,55 mill. €;2550000;INVIERNO
Zhipeng Jiang;GZ R&F;HB CFFC;2,55 mill. €;2550000;INVIERNO
Brian Fernández;Racing Club;Necaxa;2,53 mill. €;2530000;VERANO
Kristian Pedersen;Union Berlin;Birmingham;2,50 mill. €;2500000;VERANO
Carlos Fierro;Chivas;CD Cruz Azul;2,50 mill. €;2500000;INVIERNO
Mariusz Stepinski;FC Nantes;Chievo Verona;2,50 mill. €;2500000;VERANO
Nenad Tomovi?;Fiorentina;Chievo Verona;2,50 mill. €;2500000;VERANO
Sofyan Amrabat;Feyenoord;Club Brugge;2,50 mill. €;2500000;VERANO
Lovro Majer;NK Lokomotiva;Dinamo Zagreb;2,50 mill. €;2500000;VERANO
Richmond Boakye;JS Suning;Estrella Roja;2,50 mill. €;2500000;VERANO
Berke Özer;Altinordu;Fenerbahce;2,50 mill. €;2500000;VERANO
Harun Tekin;Bursaspor;Fenerbahce;2,50 mill. €;2500000;VERANO
Yuto Nagatomo;Inter de Milán;Galatasaray;2,50 mill. €;2500000;VERANO
Vitorino Antunes;Dynamo Kyiv;Getafe CF;2,50 mill. €;2500000;VERANO
Sikou Niakaté;Valenciennes FC;Guingamp;2,50 mill. €;2500000;VERANO
Kévin Boli;CFR Cluj;GZ Hengfeng;2,50 mill. €;2500000;VERANO
Josip Elez;HNK Rijeka;Hannover 96;2,50 mill. €;2500000;VERANO
Jonas Lössl;1.FSV Mainz 05;Huddersfield;2,50 mill. €;2500000;VERANO
Juninho Bacuna;FC Groningen;Huddersfield;2,50 mill. €;2500000;VERANO
Jonatan Álvez;Barcelona SC;Junior FC;2,50 mill. €;2500000;INVIERNO
Jhon Lucumí;Deportivo Cali;KRC Genk;2,50 mill. €;2500000;VERANO
Ivan Fiolic;Dinamo Zagreb;KRC Genk;2,50 mill. €;2500000;VERANO
Mattia Sprocati;Salernitana;Lazio;2,50 mill. €;2500000;VERANO
Diego Rossi;Peñarol;Los Angeles FC;2,50 mill. €;2500000;INVIERNO
Zeki Celik;Istanbulspor;LOSC Lille;2,50 mill. €;2500000;VERANO
Philippe Sandler;PEC Zwolle;Manchester City;2,50 mill. €;2500000;VERANO
Dominick Drexler;Holstein Kiel;Midtjylland;2,50 mill. €;2500000;VERANO
Onel Hernández;E. Braunschweig;Norwich;2,50 mill. €;2500000;INVIERNO
Guilherme;RC Deportivo;Olympiacos FC;2,50 mill. €;2500000;VERANO
Gaël Kakuta;HB CFFC;Rayo Vallecano;2,50 mill. €;2500000;VERANO
Vidar Örn Kjartansson;M. Tel Aviv;Rostov;2,50 mill. €;2500000;VERANO
Ryota Morioka;Waasl.-Beveren;RSC Anderlecht;2,50 mill. €;2500000;INVIERNO
Serdar Gürler;Osmanlispor;SD Huesca;2,50 mill. €;2500000;VERANO
Constantin Budescu;FCSB;Shabab;2,50 mill. €;2500000;VERANO
Yacine Bammou;FC Nantes;SM Caen;2,50 mill. €;2500000;VERANO
Simone Missiroli;Sassuolo;SPAL;2,50 mill. €;2500000;VERANO
Uros Djurdjevic;Olympiacos FC;Sporting;2,50 mill. €;2500000;VERANO
Lumor;Portimonense;Sporting CP;2,50 mill. €;2500000;INVIERNO
Mehdi Carcela-González;Granada CF;Standard Lieja;2,50 mill. €;2500000;VERANO
Gojko Cimirot;PAOK;Standard Lieja;2,50 mill. €;2500000;INVIERNO
Mathieu Dossevi;FC Metz;Toulouse;2,50 mill. €;2500000;VERANO
Quenten Martinus;Yokohama F. M.;Urawa Reds;2,50 mill. €;2500000;INVIERNO
Roberto Massimo;Bielefeld U19;VfB Stuttgart;2,50 mill. €;2500000;VERANO
Borna Barisic;NK Osijek;Rangers FC;2,45 mill. €;2450000;VERANO
Odysseas Vlachodimos;Panathinaikos;Benfica;2,43 mill. €;2430000;VERANO
Lucas Galvão;Rapid Viena;FC Ingolstadt;2,40 mill. €;2400000;VERANO
Saúl Salcedo;Olimpia;Huracán;2,40 mill. €;2400000;VERANO
Jonathan Menéndez;CA Talleres;Independiente;2,40 mill. €;2400000;INVIERNO
Luis Pedro Cavanda;Galatasaray;Standard Lieja;2,40 mill. €;2400000;VERANO
Armin Hodzic;Dinamo Zagreb;Vidi FC;2,40 mill. €;2400000;VERANO
Björn Johnsen;ADO Den Haag;AZ Alkmaar;2,30 mill. €;2300000;VERANO
Sandro;Antalyaspor;Benevento;2,30 mill. €;2300000;VERANO
Emmanuel Más;Trabzonspor;Boca Juniors;2,30 mill. €;2300000;INVIERNO
Mauro Zárate;Watford;Boca Juniors;2,30 mill. €;2300000;VERANO
Sandro;Benevento;Genoa CFC;2,30 mill. €;2300000;VERANO
Tobias Figueiredo;Sporting CP;Nottm Forest;2,30 mill. €;2300000;VERANO
Léo Jabá;Akhmat Grozny;PAOK;2,30 mill. €;2300000;VERANO
Alessio Da Cruz;Novara;Parma;2,30 mill. €;2300000;INVIERNO
Joel Asoro;AFC Sunderland;Swansea City;2,30 mill. €;2300000;VERANO
Thiago Carleto;Atlético-PR;ttihad;2,30 mill. €;2300000;VERANO
Nikola Katic;Slaven Belupo;Rangers FC;2,28 mill. €;2280000;VERANO
Lasse Vibe;Brentford;CC Yatai;2,27 mill. €;2270000;INVIERNO
Fabián Castillo;Trabzonspor;Club Tijuana;2,26 mill. €;2260000;VERANO
Keanan Bennetts;Tottenham U23;Bor. M'gladbach;2,25 mill. €;2250000;VERANO
Andreas Weimann;Derby;Bristol City;2,25 mill. €;2250000;VERANO
Mehdi Bourabia;Konyaspor;Sassuolo;2,25 mill. €;2250000;VERANO
Ken Sema;Östersund;Watford;2,25 mill. €;2250000;VERANO
Martin Harnik;Hannover 96;Werder Bremen;2,25 mill. €;2250000;VERANO
Rúben Vinagre;Monaco;Wolverhampton;2,25 mill. €;2250000;VERANO
Anders Dreyer;Esbjerg fB;Brighton U23;2,20 mill. €;2200000;VERANO
Arthur;Chapecoense;Pyramids FC;2,20 mill. €;2200000;VERANO
Thomas Didillon;FC Metz;RSC Anderlecht;2,20 mill. €;2200000;VERANO
Dodi Lukebakio;RSC Anderlecht;RSC Charleroi;2,20 mill. €;2200000;INVIERNO
Albin Ekdal;Hamburgo;UC Sampdoria;2,20 mill. €;2200000;VERANO
Uros Racic;Estrella Roja;V. Mestalla;2,20 mill. €;2200000;VERANO
Josh Windass;Rangers FC;Wigan;2,20 mill. €;2200000;VERANO
Moussa Koné;FC Zürich;Dynamo Dresden;2,16 mill. €;2160000;INVIERNO
Mauro Arambarri;Boston River;Getafe CF;2,15 mill. €;2150000;VERANO
Carlos Benavidez;Defensor;Independiente;2,15 mill. €;2150000;VERANO
Ali Gabr;Zamalek;Pyramids FC;2,15 mill. €;2150000;VERANO
Juan Ferney Otero;Estudiantes;SC Amiens;2,14 mill. €;2140000;VERANO
Yairo Moreno;Indep. Medellín;León;2,12 mill. €;2120000;VERANO
Jean-Claude Billong;Maribor;Benevento;2,10 mill. €;2100000;INVIERNO
Konstantinos Mavropanos;PAS Giannina;FC Arsenal;2,10 mill. €;2100000;INVIERNO
Aldo Kalulu;Olymp. Lyonnais;FC Basel;2,10 mill. €;2100000;VERANO
Alessandro Di Pardo;SPAL U19;Juventus U19;2,10 mill. €;2100000;INVIERNO
Sebastián Ferreira;Olimpia;Morelia;2,06 mill. €;2060000;VERANO
Mateus Vital;Vasco da Gama;Corinthians;2,05 mill. €;2050000;INVIERNO
Issah Abass;Olimpija;1.FSV Mainz 05;2,00 mill. €;2000000;VERANO
Tino Kadewere;Djurgarden;AC Le Havre;2,00 mill. €;2000000;VERANO
Perr Schuurs;Fortuna Sittard;AFC Ajax;2,00 mill. €;2000000;INVIERNO
Dominik Kotarski;Din. Zagreb U19;Ajax B;2,00 mill. €;2000000;INVIERNO
Nicolas Kühn;RB Leipzig U19;Ajax B;2,00 mill. €;2000000;INVIERNO
Oussama Idrissi;FC Groningen;AZ Alkmaar;2,00 mill. €;2000000;INVIERNO
Milos Jojic;1.FC Köln;Basaksehir;2,00 mill. €;2000000;VERANO
Alfa Semedo;Moreirense;Benfica;2,00 mill. €;2000000;VERANO
Julian Jeanvier;Reims;Brentford;2,00 mill. €;2000000;VERANO
Fabrizio Caligara;Juventus U19;Cagliari;2,00 mill. €;2000000;INVIERNO
Joel Obi;Torino;Chievo Verona;2,00 mill. €;2000000;VERANO
Krépin Diatta;Sarpsborg 08;Club Brugge;2,00 mill. €;2000000;INVIERNO
Ante Budimir;UC Sampdoria;Crotone;2,00 mill. €;2000000;VERANO
Naïm Sliti;LOSC Lille;Dijon;2,00 mill. €;2000000;VERANO
Ante Rebic;Fiorentina;E. de Francfort;2,00 mill. €;2000000;VERANO
Marvin Ducksch;FC St. Pauli;F. Düsseldorf;2,00 mill. €;2000000;VERANO
Yoane Wissa;SCO Angers;FC Lorient;2,00 mill. €;2000000;INVIERNO
Fábio;Middlesbrough;FC Nantes;2,00 mill. €;2000000;VERANO
Ianis Hagi;Fiorentina;FC Viitorul;2,00 mill. €;2000000;INVIERNO
Cristiano Biraghi;Pescara;Fiorentina;2,00 mill. €;2000000;VERANO
Lukas Klünter;1.FC Köln;Hertha Berlin;2,00 mill. €;2000000;VERANO
Pascal Köpke;Erzgebirge Aue;Hertha Berlin;2,00 mill. €;2000000;VERANO
Braian Romero;Argentinos;Independiente;2,00 mill. €;2000000;INVIERNO
Leonardo Mancuso;Pescara;Juventus;2,00 mill. €;2000000;INVIERNO
Stephy Mavididi;Arsenal U23;Juventus U23;2,00 mill. €;2000000;VERANO
Vadis Odjidja-Ofoe;Olympiacos FC;KAA Gent;2,20 mill. €;2000000;VERANO
Jorge Carrascal;Sevilla Atl.;Karpaty;2,00 mill. €;2000000;VERANO
Trezeguet;RSC Anderlecht;Kasimpasa;2,00 mill. €;2000000;VERANO
Dmitri Stotskiy;Ufa;Krasnodar;2,00 mill. €;2000000;VERANO
Vladimir Screciu;CS U Craiova;KRC Genk;2,00 mill. €;2000000;VERANO
Jakub Piotrowski;Pogon Szczecin;KRC Genk;2,00 mill. €;2000000;VERANO
Fousseni Diabaté;G. Ajaccio;Leicester City;2,00 mill. €;2000000;INVIERNO
Erick Cabaco;Nacional;Levante UD;2,00 mill. €;2000000;VERANO
Anton Nedyalkov;FC Dallas;Ludogorets;2,00 mill. €;2000000;VERANO
Junior Sambia;FC Niort;Montpellier;2,00 mill. €;2000000;VERANO
Junior Kabananga;FC Astana;Nasr;2,00 mill. €;2000000;INVIERNO
Ihsan Sacko;R. Strasbourg;OGC Nice;2,00 mill. €;2000000;INVIERNO
Fabio Ceravolo;Benevento;Parma;2,00 mill. €;2000000;VERANO
Jacopo Dezi;SSC Napoli;Parma;2,00 mill. €;2000000;VERANO
Nicola Leali;Juventus;Perugia;2,00 mill. €;2000000;VERANO
Okechukwu Azubuike;Y. Malatyaspor;Pyramids FC;2,00 mill. €;2000000;VERANO
Ludovic Ajorque;Clermont Foot;R. Strasbourg;2,00 mill. €;2000000;VERANO
Ibrahima Sissoko;Stade Brestois;R. Strasbourg;2,00 mill. €;2000000;VERANO
Eros Grezda;NK Osijek;Rangers FC;2,00 mill. €;2000000;VERANO
Jérôme Onguéné;VfB Stuttgart;RB Salzburg;2,00 mill. €;2000000;VERANO
Romain Del Castillo;Olymp. Lyonnais;Rennes;2,00 mill. €;2000000;VERANO
Björn Sigurdarson;Molde FK;Rostov;2,00 mill. €;2000000;INVIERNO
Pavel Mogilevets;Rostov;Rubin Kazan;2,00 mill. €;2000000;INVIERNO
Dória;Marseille;Santos Laguna;2,00 mill. €;2000000;VERANO
Philipp Lienhart;Real Madrid;SC Freiburg;2,00 mill. €;2000000;VERANO
Pablo de Blasis;1.FSV Mainz 05;SD Eibar;2,00 mill. €;2000000;VERANO
Fabián Orellana;Valencia CF;SD Eibar;2,00 mill. €;2000000;VERANO
Dodô;Coritiba FC;Shakhtar D.;2,00 mill. €;2000000;INVIERNO
Casimir Ninga;Montpellier;SM Caen;2,00 mill. €;2000000;VERANO
Bartosz Salamon;Cagliari;SPAL;2,00 mill. €;2000000;VERANO
Mattia Vitale;Juventus;SPAL;2,00 mill. €;2000000;INVIERNO
Emiliano Viviano;UC Sampdoria;Sporting CP;2,00 mill. €;2000000;VERANO
Max Gradel;Bournemouth;Toulouse;2,00 mill. €;2000000;VERANO
Hyun-jun Suk;FC Porto;Troyes;2,00 mill. €;2000000;VERANO
Alejandro Arribas;RC Deportivo;UNAM Pumas;2,00 mill. €;2000000;INVIERNO
Pedrão;Cianorte;Vit. Guimarães;2,00 mill. €;2000000;INVIERNO
Marc Navarro;Espanyol;Watford;2,00 mill. €;2000000;VERANO
Rafa Mir;V. Mestalla;Wolverhampton;2,00 mill. €;2000000;INVIERNO
Adam Armstrong;Newcastle Utd.;Blackburn;1,90 mill. €;1900000;VERANO
Filip Novak;Midtjylland;Trabzonspor;1,90 mill. €;1900000;INVIERNO
Cyle Larin;Orlando City SC;Besiktas;1,85 mill. €;1850000;INVIERNO
Sebastián Villa;Deportes Tolima;Boca Juniors;1,82 mill. €;1820000;VERANO
Niklas Hauptmann;Dynamo Dresden;1.FC Köln;1,80 mill. €;1800000;VERANO
Rafael Czichos;Holstein Kiel;1.FC Köln;1,80 mill. €;1800000;VERANO
Marko Livaja;UD Las Palmas;AEK Atenas;1,80 mill. €;1800000;VERANO
Raúl Bobadilla;Bor. M'gladbach;Argentinos;1,80 mill. €;1800000;VERANO
Simone Ganz;Pescara;Ascoli;1,80 mill. €;1800000;INVIERNO
Albert Gudmundsson;PSV Eindhoven;AZ Alkmaar;1,80 mill. €;1800000;VERANO
Assan Ceesay;FC Lugano;FC Zürich;1,80 mill. €;1800000;VERANO
Kayden Jackson;Accrington St.;Ipswich;1,80 mill. €;1800000;VERANO
Zinho Gano;KV Oostende;KRC Genk;1,80 mill. €;1800000;VERANO
Yassine Meriah;CS Sfaxien;Olympiacos FC;1,80 mill. €;1800000;VERANO
Mohamed Buya Turay;Dalkurd;Sint-Truiden;1,80 mill. €;1800000;VERANO
Mauricio Martínez;CA Rosario;Racing Club;1,75 mill. €;1755555;VERANO
Eric Remedi;CA Banfield;Atlanta United;1,75 mill. €;1750000;VERANO
Anthony Lozano;FC Barcelona B;Girona FC;1,75 mill. €;1750000;INVIERNO
Carles Gil;Aston Villa;RC Deportivo;1,75 mill. €;1750000;VERANO
Lucas Torró;CA Osasuna;Real Madrid;1,75 mill. €;1750000;VERANO
Renato Steffen;FC Basel;VfL Wolfsburg;1,75 mill. €;1750000;INVIERNO
Luis Reyes;Atlas;América;1,72 mill. €;1720000;VERANO
Dominic Vinicius;Vejle BK;BJ Enterprises;1,70 mill. €;1700000;INVIERNO
Saïd Benrahma;OGC Nice;Brentford;1,70 mill. €;1700000;VERANO
Alfredo Donnarumma;FC Empoli;Brescia;1,70 mill. €;1700000;VERANO
Mo Eisa;Cheltenham Town;Bristol City;1,70 mill. €;1700000;VERANO
Jack Hunt;Sheff Wed;Bristol City;1,70 mill. €;1700000;VERANO
Cameron Jerome;Norwich;Derby;1,70 mill. €;1700000;INVIERNO
Ronald Araújo;Boston River;FC Barcelona B;1,70 mill. €;1700000;VERANO
Aaron Lennon;Everton;FC Burnley;1,70 mill. €;1700000;INVIERNO
Ritsu Doan;Gamba Osaka;FC Groningen;1,70 mill. €;1700000;VERANO
Khaled Narey;Greuther Fürth;Hamburgo;1,70 mill. €;1700000;VERANO
Reece Burke;West Ham Utd.;Hull City;1,70 mill. €;1700000;VERANO
Laurens De Bock;Club Brugge;Leeds;1,70 mill. €;1700000;INVIERNO
Lee Grant;Stoke City;Man Utd.;1,70 mill. €;1700000;VERANO
Marcelo Barovero;Necaxa;Monterrey;1,70 mill. €;1700000;VERANO
Ben Marshall;Wolverhampton;Norwich;1,70 mill. €;1700000;VERANO
Quique;CA Osasuna;RC Deportivo;1,70 mill. €;1700000;VERANO
Ben Wilmot;FC Stevenage;Watford;1,70 mill. €;1700000;VERANO
Leonardo Sigali;Dinamo Zagreb;Racing Club;1,68 mill. €;1680000;INVIERNO
William Tesillo;Indep. Santa Fe;León;1,67 mill. €;1670000;VERANO
Hamza Lahmar;ES Sahel;Al-Kuwait;1,66 mill. €;1660000;VERANO
Cristian Romero;Belgrano;Genoa CFC;1,65 mill. €;1650000;VERANO
Cristian Bunino;Juventus;Pescara;1,65 mill. €;1650000;INVIERNO
Matus Bero;Trabzonspor;Vitesse;1,64 mill. €;1640000;VERANO
Salah Mohsen;Enppi;Ahly;1,60 mill. €;1600000;INVIERNO
Diego Braghieri;Lanús;Atl. Nacional;1,60 mill. €;1600000;INVIERNO
Nayef Aguerd;FUS Rabat;Dijon;1,60 mill. €;1600000;VERANO
Rúnar Alex Rúnarsson;Nordsjælland;Dijon;1,60 mill. €;1600000;VERANO
Kenan Kodro;1.FSV Mainz 05;FC Copenhague;1,60 mill. €;1600000;VERANO
Vincent Laurini;FC Empoli;Fiorentina;1,60 mill. €;1600000;VERANO
Juan Cala;Getafe CF;HN Jianye;1,60 mill. €;1600000;INVIERNO
Alejandro Donatti;Club Tijuana;Racing Club;1,60 mill. €;1600000;INVIERNO
Jeff Reine-Adélaïde;Arsenal U23;SCO Angers;1,60 mill. €;1600000;VERANO
Theo Bongonda;Celta de Vigo;Zulte Waregem;1,60 mill. €;1600000;VERANO
Juan Garro;CD Godoy Cruz;Huracán;1,55 mill. €;1550000;VERANO
Santiago Tréllez;EC Vitória;São Paulo;1,55 mill. €;1550000;INVIERNO
Jan Matousek;1.FK P?íbram;Slavia Praha;1,55 mill. €;1550000;VERANO
Benno Schmitz;RB Leipzig;1.FC Köln;1,50 mill. €;1500000;VERANO
Alan Dzabana;Olymp. Lyon B;AC Le Havre;1,50 mill. €;1500000;INVIERNO
Tomás Pina;Club Brugge;Alavés;1,50 mill. €;1500000;VERANO
Igor Sergeev;Pakhtakor;Al-Dhafra SCC;1,50 mill. €;1500000;INVIERNO
Ángelo Henríquez;Dinamo Zagreb;Atlas;1,50 mill. €;1500000;INVIERNO
Ondrej Mihalik;Jablonec;AZ Alkmaar;1,50 mill. €;1500000;INVIERNO
Kaloyan Krastev;Slavia Sofia;Bologna U19;1,50 mill. €;1500000;INVIERNO
João Novais;Rio Ave FC;Braga;1,50 mill. €;1500000;VERANO
Nikolas Spalek;MSK Zilina;Brescia;1,50 mill. €;1500000;INVIERNO
Mohamed Camara;Hapoel Raanana;BSC Young Boys;1,50 mill. €;1500000;VERANO
Recio;Málaga CF;CD Leganés;1,50 mill. €;1500000;VERANO
Mats Rits;KV Mechelen;Club Brugge;1,50 mill. €;1500000;VERANO
Ivan Tomecak;KV Mechelen;Club Brugge;1,50 mill. €;1500000;INVIERNO
Clinton Mata;RSC Charleroi;Club Brugge;1,50 mill. €;1500000;VERANO
Alexander Scholz;Standard Lieja;Club Brugge;1,50 mill. €;1500000;INVIERNO
Juninho Capixaba;EC Bahia;Corinthians;1,50 mill. €;1500000;INVIERNO
Ahmad Benali;Pescara;Crotone;1,50 mill. €;1500000;VERANO
Federico Mancuello;Flamengo;Cruzeiro;1,50 mill. €;1500000;INVIERNO
Konstantin Rausch;1.FC Köln;Dinamo Moskva;1,50 mill. €;1500000;INVIERNO
Benito Raman;Standard Lieja;F. Düsseldorf;1,50 mill. €;1500000;VERANO
Fabian Frei;1.FSV Mainz 05;FC Basel;1,50 mill. €;1500000;INVIERNO
Samuel Mraz;MSK Zilina;FC Empoli;1,50 mill. €;1500000;VERANO
Baris Alici;Altinordu;Fenerbahce;1,50 mill. €;1500000;VERANO
Dusan Vlahovic;Partizan;Fiorentina;1,50 mill. €;1500000;VERANO
Andrea Beghetto;Genoa CFC;Frosinone;1,50 mill. €;1500000;VERANO
Celso Borges;RC Deportivo;Göztepe;1,50 mill. €;1500000;VERANO
Nikolai Baden Frederiksen;Nordsjaell. U19;Juventus U19;1,50 mill. €;1500000;VERANO
Adis Jahovic;Göztepe;Konyaspor;1,50 mill. €;1500000;INVIERNO
Paolo Hurtado;Vit. Guimarães;Konyaspor;1,50 mill. €;1500000;VERANO
João Amaral;Benfica;Lech Poznan;1,50 mill. €;1500000;VERANO
Coke;FC Schalke 04;Levante UD;1,50 mill. €;1500000;VERANO
Rifat Zhemaletdinov;Rubin Kazan;Loko Moskva;1,50 mill. €;1500000;VERANO
Alexander Scholz;Club Brugge;Midtjylland;1,50 mill. €;1500000;VERANO
Moritz Leitner;FC Augsburg;Norwich;1,50 mill. €;1500000;VERANO
Emiliano Buendía;Getafe CF;Norwich;1,50 mill. €;1500000;VERANO
Dennis Srbeny;SC Paderborn;Norwich;1,50 mill. €;1500000;INVIERNO
Diogo Barbosa;Coimbra-MG;Palmeiras;1,50 mill. €;1500000;INVIERNO
Jonathan Biabiany;Inter de Milán;Parma;1,50 mill. €;1500000;VERANO
Aziz Behich;Bursaspor;PSV Eindhoven;1,50 mill. €;1500000;VERANO
Jean;EC Bahia;São Paulo;1,50 mill. €;1500000;INVIERNO
Alessandro Tripaldelli;Juventus U19;Sassuolo U19;1,50 mill. €;1500000;INVIERNO
Ante Erceg;Hajduk Split;Shabab Dubai;1,50 mill. €;1500000;INVIERNO
Fayçal Fajr;Getafe CF;SM Caen;1,50 mill. €;1500000;VERANO
Alfred Gomis;Torino;SPAL;1,50 mill. €;1500000;VERANO
Aleksandr Tashaev;Dinamo Moskva;Spartak Moskva;1,50 mill. €;1500000;VERANO
Konstantinos Laifis;Olympiacos FC;Standard Lieja;1,50 mill. €;1500000;VERANO
Vitalie Damascan;Sheriff;Torino;1,50 mill. €;1500000;INVIERNO
David Timor;Girona FC;UD Las Palmas;1,50 mill. €;1500000;VERANO
Nicholas Opoku;Cub Africain;Udinese Calcio;1,50 mill. €;1500000;VERANO
Érick Torres;Houston;UNAM Pumas;1,50 mill. €;1500000;INVIERNO
Javi Fuego;Espanyol;Villarreal CF;1,50 mill. €;1500000;INVIERNO
Vyacheslav Karavaev;Sparta Praha;Vitesse;1,50 mill. €;1500000;INVIERNO
Anton Zabolotny;Tosno;Zenit S-Pb;1,50 mill. €;1500000;INVIERNO
Jens Martin Gammelby;Silkeborg IF;Brøndby IF;1,47 mill. €;1470000;VERANO
Mitchell Langerak;Levante UD;Nagoya Grampus;1,45 mill. €;1450000;INVIERNO
Denis Alibec;FCSB;Astra Giurgiu;1,40 mill. €;1400000;VERANO
Ferdi Kadioglu;NEC Nijmegen;Fenerbahce;1,40 mill. €;1400000;VERANO
André Poko;Karabükspor;Göztepe;1,40 mill. €;1400000;INVIERNO
Florent Muslija;Karlsruher SC;Hannover 96;1,40 mill. €;1400000;VERANO
Pablo Hernández;Celta de Vigo;Independiente;1,40 mill. €;1400000;VERANO
Loïc Rémy;UD Las Palmas;LOSC Lille;1,40 mill. €;1400000;VERANO
Brian Lozano;América;Santos Laguna;1,40 mill. €;1400000;VERANO
Léandre Tawamba;Partizan;Taawon;1,40 mill. €;1400000;VERANO
Joe Garner;Ipswich;Wigan;1,40 mill. €;1400000;VERANO
Omar Alderete;Cerro Porteño;Huracán;1,38 mill. €;1380000;VERANO
Jack Hendry;Dundee FC;Celtic FC;1,37 mill. €;1370000;INVIERNO
Hugo Nervo;Huracán;Santos Laguna;1,37 mill. €;1370000;VERANO
Dieumerci Ndongala;Standard Lieja;KRC Genk;1,35 mill. €;1350000;VERANO
Marc McNulty;Coventry City;Reading;1,35 mill. €;1350000;VERANO
Florin Nita;FCSB;Sparta Praha;1,35 mill. €;1350000;INVIERNO
Brahian Alemán;Gimnasia;Al-Ettifaq;1,30 mill. €;1300000;VERANO
Ragnar Klavan;FC Liverpool;Cagliari;1,30 mill. €;1300000;VERANO
Julian von Moos;GC Zürich U18;FC Basel;1,30 mill. €;1300000;VERANO
Sigurd Rosted;Sarpsborg 08;KAA Gent;1,30 mill. €;1300000;INVIERNO
Facundo Castro;Defensor;Necaxa;1,30 mill. €;1300000;VERANO
Thibault Moulin;Legia Warszawa;PAOK;1,30 mill. €;1300000;INVIERNO
Leo Stulac;Venezia;Parma;1,30 mill. €;1300000;VERANO
Andrija Pavlovic;FC Copenhague;Rapid Viena;1,30 mill. €;1300000;VERANO
Mateo Barac;NK Osijek;Rapid Viena;1,30 mill. €;1300000;VERANO
José Pozo;UD Almería;Rayo Vallecano;1,30 mill. €;1300000;VERANO
Jérôme Gondorf;Werder Bremen;SC Freiburg;1,30 mill. €;1300000;VERANO
Lucas Cavallini;Peñarol;Puebla FC;1,29 mill. €;1290000;VERANO
Diego Calderon;Ismaily;Faisaly;1,28 mill. €;1280000;VERANO
Mohamed Magdy;Enppi;Pyramids FC;1,28 mill. €;1280000;VERANO
Artur;São Paulo;Columbus Crew;1,27 mill. €;1270000;INVIERNO
Anton Nedyalkov;CSKA Sofia;FC Dallas;1,27 mill. €;1270000;INVIERNO
Bruno Silva;Botafogo;Cruzeiro;1,26 mill. €;1260000;INVIERNO
Emerson Santos;Botafogo;Palmeiras;1,26 mill. €;1260000;INVIERNO
Idrissa Doumbia;RSC Anderlecht;Akhmat Grozny;1,25 mill. €;1250000;VERANO
Marko Vejinovi?;Feyenoord;AZ Alkmaar;1,25 mill. €;1250000;VERANO
Thorsten Röcher;Sturm Graz;FC Ingolstadt;1,25 mill. €;1250000;VERANO
Kawin Thamsatchanan;Muangthong Utd.;OH Leuven;1,25 mill. €;1250000;INVIERNO
Aaron Leya Iseka;RSC Anderlecht;Toulouse;1,25 mill. €;1250000;VERANO
Rafael Martins;Vit. Guimarães;ZJ Greentown;1,25 mill. €;1250000;VERANO
Henri Weigelt;Arm. Bielefeld;AZ Alkmaar;1,20 mill. €;1200000;VERANO
Emanuel Reynoso;CA Talleres;Boca Juniors;1,20 mill. €;1200000;INVIERNO
Eduardo;Estoril;Braga;1,20 mill. €;1200000;VERANO
Diogo Figueiras;Olympiacos FC;Braga;1,20 mill. €;1200000;INVIERNO
Javier Correa;CD Godoy Cruz;Colón;1,20 mill. €;1200000;INVIERNO
Julian Chabot;Sparta R.;FC Groningen;1,20 mill. €;1200000;VERANO
Ervin Zukanovic;AS Roma;Genoa CFC;1,20 mill. €;1200000;VERANO
Yohan Croizet;KV Mechelen;Kansas;1,20 mill. €;1200000;INVIERNO
Aleksandar Palocevic;Arouca;Nacional;1,20 mill. €;1200000;VERANO
Riccardo Gagliolo;Carpi;Parma;1,20 mill. €;1200000;VERANO
Magnus Eriksson;Djurgarden;Quakes;1,20 mill. €;1200000;INVIERNO
Jamie Murphy;Brighton;Rangers FC;1,20 mill. €;1200000;VERANO
Evgen Makarenko;KV Kortrijk;RSC Anderlecht;1,20 mill. €;1200000;VERANO
Zakaria Bakkali;Valencia CF;RSC Anderlecht;1,20 mill. €;1200000;VERANO
Jucilei;SD Luneng;São Paulo;1,20 mill. €;1200000;INVIERNO
Franck Ohandza;Hajduk Split;SZ FC;1,20 mill. €;1200000;INVIERNO
Gastón Giménez;Estudiantes;Vélez Sarsfield;1,20 mill. €;1200000;VERANO
Hamid Ahadad;Difaa El Jadida;Zamalek;1,20 mill. €;1200000;VERANO
Fernando Monetti;Lanús;Atl. Nacional;1,15 mill. €;1150000;INVIERNO
Édison Flores;Aalborg BK;Morelia;1,15 mill. €;1150000;VERANO
Mohamed Hamdi;El Masry;Pyramids FC;1,15 mill. €;1150000;VERANO
Stefan Ristovski;HNK Rijeka;Sporting CP;1,15 mill. €;1150000;VERANO
Marvin Compper;RB Leipzig;Celtic FC;1,14 mill. €;1140000;INVIERNO
Erik Sviatchenko;Celtic FC;Midtjylland;1,14 mill. €;1140000;VERANO
Liam Walsh;Everton U23;Bristol City;1,10 mill. €;1100000;INVIERNO
Marley Watkins;Norwich;Bristol City;1,10 mill. €;1100000;VERANO
Adrian Mierzejewski;Sydney FC;CC Yatai;1,10 mill. €;1100000;VERANO
Lucas Höler;SV Sandhausen;SC Freiburg;1,10 mill. €;1100000;INVIERNO
Anthony Nwakaeme;H. Beer Sheva;Trabzonspor;1,10 mill. €;1100000;VERANO
Domingos Quina;West Ham Utd.;Watford;1,10 mill. €;1100000;VERANO
Cédric Kipré;Motherwell FC;Wigan;1,10 mill. €;1100000;VERANO
Anthony Blondell;Monagas SC;Vancouver;1,09 mill. €;1090000;INVIERNO
Pablo Aránguiz;Española;FC Dallas;1,07 mill. €;1070000;VERANO
Douglas Augusto;Fluminense;Corinthians;1,02 mill. €;1020000;VERANO
Lucas Villafañez;Panathinaikos;Alanyaspor;1,00 mill. €;1000000;INVIERNO
Carlos Feraud;CD Macará;Al-Hazm;1,00 mill. €;1000000;VERANO
Ernest Asante;Nordsjælland;Al-Jazira;1,00 mill. €;1000000;VERANO
Emre Colak;RC Deportivo;Al-Wahda;1,00 mill. €;1000000;VERANO
Cristian Ganea;FC Viitorul;Athletic;1,00 mill. €;1000000;VERANO
Antonio Adán;Real Betis;Atlético Madrid;1,00 mill. €;1000000;VERANO
Andrej Lukic;NK Osijek;Braga;1,00 mill. €;1000000;INVIERNO
Leonardo Morosini;Genoa CFC;Brescia;1,00 mill. €;1000000;VERANO
Viktor Gyökeres;Brommapojkarna;Brighton U23;1,00 mill. €;1000000;INVIERNO
Josip Radosevic;Hajduk Split;Brøndby IF;1,00 mill. €;1000000;VERANO
Arnaut Danjuma;NEC Nijmegen;Club Brugge;1,00 mill. €;1000000;VERANO
Adriano Montalto;Ternana;Cremonese;1,00 mill. €;1000000;VERANO
Alexandru Cicaldau;FC Viitorul;CS U Craiova;1,00 mill. €;1000000;VERANO
Takuma Nishimura;Vegalta Sendai;CSKA Moscú;1,00 mill. €;1000000;VERANO
Mislav Orsic;Ulsan;Dinamo Zagreb;1,00 mill. €;1000000;VERANO
Goran Causic;Arsenal Tula;Estrella Roja;1,00 mill. €;1000000;VERANO
Gastón Giménez;CD Godoy Cruz;Estudiantes;1,00 mill. €;1000000;INVIERNO
Jonas Omlin;FC Luzern;FC Basel;1,00 mill. €;1000000;VERANO
Robert Skov;Silkeborg IF;FC Copenhague;1,00 mill. €;1000000;INVIERNO
Simone Romagnoli;Carpi;FC Empoli;1,00 mill. €;1000000;INVIERNO
Jacob Rasmussen;Rosenborg BK;FC Empoli;1,00 mill. €;1000000;VERANO
Afriyie Acquah;Torino;FC Empoli;1,00 mill. €;1000000;VERANO
Konstantin Kerschbaumer;Brentford;FC Ingolstadt;1,00 mill. €;1000000;VERANO
Benedikt Gimber;TSG Hoffenheim;FC Ingolstadt;1,00 mill. €;1000000;VERANO
Yordan Osorio;Tondela;FC Porto;1,00 mill. €;1000000;VERANO
Cedric Teuchert;1.FC Nürnberg;FC Schalke 04;1,00 mill. €;1000000;INVIERNO
Raphael Rossi;Boavista;FC Sion;1,00 mill. €;1000000;VERANO
Simon Gustafson;Feyenoord;FC Utrecht;1,00 mill. €;1000000;VERANO
Raman Chibsah;Benevento;Frosinone;1,00 mill. €;1000000;VERANO
Luka Krajnc;Cagliari;Frosinone;1,00 mill. €;1000000;VERANO
Francesco Bardi;Inter de Milán;Frosinone;1,00 mill. €;1000000;VERANO
Paul Baysse;Málaga CF;G. Bordeaux;1,00 mill. €;1000000;INVIERNO
Antonio Candela;Spezia Calcio;Genoa U19;1,00 mill. €;1000000;INVIERNO
Guessouma Fofana;SC Amiens;Guingamp;1,00 mill. €;1000000;VERANO
Ben Rienstra;AZ Alkmaar;Heerenveen;1,00 mill. €;1000000;VERANO
Davis Ikaunieks;FC Vysocina;Jablonec;1,00 mill. €;1000000;VERANO
Bilal Basacikoglu;Feyenoord;Kayserispor;1,00 mill. €;1000000;VERANO
Evgen Opanasenko;Zorya Luhansk;Konyaspor;1,00 mill. €;1000000;VERANO
Ibrahima Seck;Waasl.-Beveren;KRC Genk;1,00 mill. €;1000000;INVIERNO
Germán Mera;Club Brugge;KV Mechelen;1,00 mill. €;1000000;INVIERNO
Simone Rapp;FC Thun;Lausanne-Sport;1,00 mill. €;1000000;INVIERNO
Francesco Margiotta;Juventus;Lausanne-Sport;1,00 mill. €;1000000;INVIERNO
Aitor Fernández;CD Numancia;Levante UD;1,00 mill. €;1000000;VERANO
Armando Sadiku;Legia Warszawa;Levante UD;1,00 mill. €;1000000;INVIERNO
Facundo Píriz;Nacional;Montpellier;1,00 mill. €;1000000;VERANO
Alexander Fransson;FC Basel;Norrköping;1,00 mill. €;1000000;VERANO
Giannis Masouras;AE Larisa;Olympiacos FC;1,00 mill. €;1000000;VERANO
Chuba Akpom;FC Arsenal;PAOK;1,00 mill. €;1000000;VERANO
Tomas Chory;Sigma Olomouc;Plze?;1,00 mill. €;1000000;INVIERNO
Abdellah Zoubir;Lens;Qarabag Agdam;1,00 mill. €;1000000;VERANO
Guillermo Fernández;CD Godoy Cruz;Racing Club;1,00 mill. €;1000000;VERANO
Gabriel Arias;Defensa;Racing Club;1,00 mill. €;1000000;VERANO
Emiliano Velázquez;Atlético Madrid;Rayo Vallecano;1,00 mill. €;1000000;VERANO
Jordi Amat;Swansea City;Rayo Vallecano;1,00 mill. €;1000000;VERANO
Antonio Barragán;Middlesbrough;Real Betis;1,00 mill. €;1000000;VERANO
Rubén Alcaraz;Girona FC;Real Valladolid;1,00 mill. €;1000000;VERANO
Tristan Dingomé;Troyes;Reims;1,00 mill. €;1000000;VERANO
Braian Samudio;Guarani;Rizespor;1,00 mill. €;1000000;VERANO
Dennis Hadzikadunic;Malmö FF;Rostov;1,00 mill. €;1000000;VERANO
Didier Lamkel Ze;FC Niort;Royal Amberes;1,00 mill. €;1000000;VERANO
Filip Uremovic;Olimpija;Rubin Kazan;1,00 mill. €;1000000;VERANO
Carlos Sánchez;Monterrey;Santos FC;1,00 mill. €;1000000;VERANO
Stiven Mendoza;Corinthians;SC Amiens;1,00 mill. €;1000000;INVIERNO
Harisson Manzala;SC Amiens;SCO Angers;1,00 mill. €;1000000;VERANO
Vincent Pajot;St-Étienne;SCO Angers;1,00 mill. €;1000000;VERANO
Marquinhos Cipriano;São Paulo;Shakhtar D.;1,00 mill. €;1000000;VERANO
Ondrej Kolar;Slovan Liberec;Slavia Praha;1,00 mill. €;1000000;INVIERNO
Mirko Valdifiori;Torino;SPAL;1,00 mill. €;1000000;VERANO
Guélor Kanga;Estrella Roja;Sparta Praha;1,00 mill. €;1000000;INVIERNO
Felix Bastians;VfL Bochum;TJ Teda;1,00 mill. €;1000000;INVIERNO
Alberto Brignoli;Juventus;US Palermo;1,00 mill. €;1000000;VERANO
Stefano Moreo;Venezia;US Palermo;1,00 mill. €;1000000;VERANO
Roy Beerens;Reading;Vitesse;1,00 mill. €;1000000;INVIERNO
Nuri Sahin;Bor. Dortmund;Werder Bremen;1,00 mill. €;1000000;VERANO
Sebastian Langkamp;Hertha Berlin;Werder Bremen;1,00 mill. €;1000000;INVIERNO
Damien Marcq;KAA Gent;Zulte Waregem;1,00 mill. €;1000000;INVIERNO
David Accam;Chicago Fire;Philadelphia;982 miles €;982000;INVIERNO
José Francisco Cevallos Jr.;LDU Quito;KSC Lokeren;965 miles €;965000;INVIERNO
Mohamed Fathi;Ismaily;Pyramids FC;950 miles €;950000;VERANO
Ángelo Henríquez;Atlas;U. de Chile;950 miles €;950000;VERANO
Justin Meram;Columbus Crew;Orlando City SC;905 miles €;905000;INVIERNO
Pedro Conde;PAS Giannina;Baniyas SC;900 miles €;900000;VERANO
Ernesto Torregrossa;Hellas Verona;Brescia;900 miles €;900000;INVIERNO
Onur Bulut;SC Freiburg;E. Braunschweig;900 miles €;900000;INVIERNO
Jean Zimmer;VfB Stuttgart;F. Düsseldorf;900 miles €;900000;VERANO
Benjamin Kololli;Lausanne-Sport;FC Zürich;900 miles €;900000;VERANO
Jae-sung Lee;Jeonbuk Motors;Holstein Kiel;900 miles €;900000;VERANO
Egzon Binaku;Häcken;Malmö FF;900 miles €;900000;INVIERNO
Philipp Köhn;RB Leipzig;RB Salzburg;900 miles €;900000;VERANO
Vyacheslav Podberezkin;Krasnodar;Rubin Kazan;900 miles €;900000;VERANO
Marco Túlio;Atlético-MG;Sporting CP U23;900 miles €;900000;VERANO
Daniel Arzani;Melbourne City;Manchester City;890 miles €;890000;VERANO
Declan John;Rangers FC;Swansea City;890 miles €;890000;VERANO
Jesse Joronen;AC Horsens;FC Copenhague;875 miles €;875000;VERANO
Renzo Saravia;Belgrano;Racing Club;865 miles €;865000;VERANO
Enrique Triverio;Racing Club;Toluca;860 miles €;860000;VERANO
Diego Rodríguez;Independiente;Club Tijuana;859 miles €;859000;VERANO
Luka Bogdan;Catania;AS Livorno;850 miles €;850000;VERANO
Juan Villar;CD Tenerife;CA Osasuna;850 miles €;850000;VERANO
Eugenio Isnaldo;Asteras Tripoli;Defensa;850 miles €;850000;VERANO
Kieffer Moore;Ipswich;FC Barnsley;850 miles €;850000;INVIERNO
Jakub Swierczok;Zag??bie;Ludogorets;850 miles €;850000;INVIERNO
Jordan Storey;Exeter City;Preston NE;850 miles €;850000;VERANO
Mohamed Farouk;Arab Contr.;Pyramids FC;850 miles €;850000;VERANO
Lee Evans;Wolverhampton;Sheffield Utd.;850 miles €;850000;INVIERNO
Jaroslav Zeleny;Jablonec;Slavia Praha;850 miles €;850000;VERANO
Alexander Domínguez;Monterrey;Vélez Sarsfield;850 miles €;850000;VERANO
Rodney Kongolo;Man City U23;Heerenveen;840 miles €;840000;VERANO
Conor Townsend;Scunthorpe Utd.;West Brom;840 miles €;840000;VERANO
Jeremy Brockie;SuperSport Utd.;Sundowns;805 miles €;805000;INVIERNO
Fernand Mayembo;Grenoble;AC Le Havre;800 miles €;800000;VERANO
Zoran Nizic;Hajduk Split;Akhmat Grozny;800 miles €;800000;VERANO
Ledian Memushaj;Pescara;Benevento;800 miles €;800000;VERANO
Anthony Jung;RB Leipzig;Brøndby IF;800 miles €;800000;VERANO
Ulisses Garcia;Werder Bremen;BSC Young Boys;800 miles €;800000;VERANO
Facundo Medina;River Plate II;CA Talleres;800 miles €;800000;INVIERNO
Abdul-Aziz Tetteh;Lech Poznan;Dinamo Moskva;800 miles €;800000;INVIERNO
Srdjan Babic;Real Sociedad;Estrella Roja;800 miles €;800000;VERANO
Nehuén Paz;Newell's;FC Bologna;800 miles €;800000;INVIERNO
Lorenzo Lollo;Carpi;FC Empoli;800 miles €;800000;VERANO
Blessing Eleke;FC Ashdod;FC Luzern;800 miles €;800000;VERANO
Farid Boulaya;Girona FC;FC Metz;800 miles €;800000;VERANO
Stoppila Sunzu;LOSC Lille;FC Metz;800 miles €;800000;VERANO
Paulo Miranda;RB Salzburg;Grêmio;800 miles €;800000;INVIERNO
Karamoko Cissé;Bari;Hellas Verona;800 miles €;800000;VERANO
Dario Zuparic;Pescara;HNK Rijeka;800 miles €;800000;VERANO
Andrea La Mantia;Virtus Entella;Lecce;800 miles €;800000;VERANO
Gustavo;CS U Craiova;Liaoning FC;800 miles €;800000;VERANO
Federico Melchiorri;Cagliari;Perugia;800 miles €;800000;VERANO
José Machín;AS Roma;Pescara;800 miles €;800000;VERANO
Gonzalo Piovi;Argentinos;Racing Club;800 miles €;800000;INVIERNO
André Ramalho;Bay. Leverkusen;RB Salzburg;800 miles €;800000;INVIERNO
Jasper van der Werff;FC St. Gallen;RB Salzburg;800 miles €;800000;VERANO
Luka Adzic;Estrella Roja;RSC Anderlecht;800 miles €;800000;VERANO
Mark Flekken;MSV Duisburg;SC Freiburg;800 miles €;800000;VERANO
Pedro Delgado;Sporting B;SD Luneng Res.;800 miles €;800000;VERANO
Lukáš Pokorný;Montpellier;Slavia Praha;800 miles €;800000;INVIERNO
Agustín Bouzat;Boca Juniors;Vélez Sarsfield;800 miles €;800000;INVIERNO
Davidson;Chaves;Vit. Guimarães;800 miles €;800000;VERANO
Angus MacDonald;FC Barnsley;Hull City;795 miles €;795000;INVIERNO
Gwion Edwards;Peterborough;Ipswich;790 miles €;790000;VERANO
Ryan Leonard;Southend United;Sheffield Utd.;790 miles €;790000;INVIERNO
José Alí Meza;Oriente P.;Sundowns;785 miles €;785000;VERANO
Duane Holmes;Scunthorpe Utd.;Derby;780 miles €;780000;VERANO
Wuilker Fariñez;Caracas FC;Millonarios;766 miles €;766000;INVIERNO
Matías Caruzzo;San Lorenzo;CA Rosario;760 miles €;760000;VERANO
Ragab Bakar;Smouha;Pyramids FC;760 miles €;760000;VERANO
Otar Kiteishvili;Dinamo Tbilisi;Sturm Graz;760 miles €;760000;VERANO
Aziz Bouhaddouz;FC St. Pauli;Al-Batin;750 miles €;750000;VERANO
Michael Madl;FC Fulham;Austria Viena;750 miles €;750000;INVIERNO
Davor Lovren;Din. Zagreb II;F. Düsseldorf;750 miles €;750000;VERANO
László Kleinheisler;Werder Bremen;FC Astana;750 miles €;750000;VERANO
Colin Coosemans;KV Mechelen;KAA Gent;750 miles €;750000;VERANO
Yacouba Sylla;Rennes;KV Mechelen;750 miles €;750000;INVIERNO
Sander Coopman;Club Brugge;KV Oostende;750 miles €;750000;VERANO
Fabrice Ondoa;Sevilla Atl.;KV Oostende;750 miles €;750000;VERANO
Domagoj Antolic;Dinamo Zagreb;Legia Warszawa;750 miles €;750000;INVIERNO
Renato Santos;Boavista;Málaga CF;750 miles €;750000;VERANO
Mike van Duinen;SBV Excelsior;PEC Zwolle;750 miles €;750000;VERANO
Lionel Carole;Galatasaray;R. Strasbourg;750 miles €;750000;VERANO
Bebé;SD Eibar;Rayo Vallecano;750 miles €;750000;VERANO
Jonathan Bolingi;Standard Lieja;Royal Amberes;750 miles €;750000;VERANO
Kristal Abazaj;KF Skënderbeu;RSC Anderlecht;750 miles €;750000;VERANO
Alexandru Mitrita;Pescara;CS U Craiova;730 miles €;730000;INVIERNO
Fanendo Adi;Timbers;Cincinnati;725 miles €;725000;VERANO
Lisandro Martínez;Newell's II;Defensa;725 miles €;725000;VERANO
Ivan Toney;Newcastle Utd.;Peterborough;720 miles €;720000;VERANO
Sindrit Guri;FK Kukësi;KV Oostende;710 miles €;710000;VERANO
José Caraballo;Deportivo Lara;Huachipato FC;704 miles €;704000;INVIERNO
Marvin Schwäbe;TSG Hoffenheim;Brøndby IF;700 miles €;700000;VERANO
Valentin Costache;Dinamo Bucarest;CFR Cluj;700 miles €;700000;INVIERNO
Philipp Hofmann;Greuther Fürth;E. Braunschweig;700 miles €;700000;INVIERNO
Marko Marin;Olympiacos FC;Estrella Roja;700 miles €;700000;VERANO
Woo-yeong Jeong;Incheon Youth;FC Bayern U19;700 miles €;700000;INVIERNO
Jung-min Kim;Gwangju Youth;FC Liefering;700 miles €;700000;INVIERNO
Joris van Overeem;AZ Alkmaar;FC Utrecht;700 miles €;700000;VERANO
Olimpiu Morutan;FC Botosani;FCSB;700 miles €;700000;VERANO
Davide Lanzafame;Honvéd;Ferencváros;700 miles €;700000;VERANO
Guillermo Sara;Boca Juniors;Lanús;700 miles €;700000;VERANO
Fouad Bachirou;Östersund;Malmö FF;700 miles €;700000;INVIERNO
Vladimir Coufal;Slovan Liberec;Slavia Praha;700 miles €;700000;VERANO
Everton Luiz;Partizan;SPAL;700 miles €;700000;INVIERNO
John Bostock;Bursaspor;Toulouse;700 miles €;700000;VERANO
Maikel Mesa;Gimnàstic;UD Las Palmas;700 miles €;700000;VERANO
Alexandre Guedes;Desportivo Aves;Vit. Guimarães;700 miles €;700000;VERANO
Alkhali Bangoura;ES Sahel;Al-Fateh;691 miles €;691000;VERANO
Joaquín Varela;Newell's;CD Godoy Cruz;690 miles €;690000;VERANO
Ignacio Rivero;Defensa;Club Tijuana;685 miles €;685000;VERANO
Charlie Wyke;Bradford;AFC Sunderland;675 miles €;675000;VERANO
Tsiy William Ndenge;Bor. M'gladbach;FC Luzern;650 miles €;650000;VERANO
Jawad El Yamiq;Raja Casablanca;Genoa CFC;650 miles €;650000;INVIERNO
Aleksandar Radovanovic;Vojvodina;Lens;650 miles €;650000;VERANO
Vito van Crooij;VVV-Venlo;PEC Zwolle;650 miles €;650000;VERANO
Milan Djuric;Bristol City;Salernitana;650 miles €;650000;VERANO
Nicolás Ibáñez;Gimnasia;San Luis;650 miles €;650000;INVIERNO
Marco Aratore;FC St. Gallen;Ural;650 miles €;650000;VERANO
Dino Ndlovu;Qarabag Agdam;ZJ Greentown;650 miles €;650000;INVIERNO
Justin Meram;Orlando City SC;Columbus Crew;647 miles €;647000;VERANO
Luiz Fernando;Atlético-GO;Botafogo;640 miles €;640000;INVIERNO
Gustavo Toledo;Independiente;Colón;640 miles €;640000;VERANO
Juan Ramírez;Colorado;CA Talleres;635 miles €;635000;VERANO
Kasper Kusk;FC Copenhague;Aalborg BK;625 miles €;625000;INVIERNO
Edmílson Junior;Standard Lieja;Al Duhail;6,00 mill. €;600000;VERANO
Djalma;PAOK;Alanyaspor;600 miles €;600000;VERANO
Michal Duris;Orenburg;Anorthosis;600 miles €;600000;VERANO
Stéphane Badji;RSC Anderlecht;Bursaspor;600 miles €;600000;VERANO
Baris Atik;TSG Hoffenheim;Dynamo Dresden;600 miles €;600000;VERANO
Lorenzo Ebecilio;APOEL FC;Estrella Roja;600 miles €;600000;VERANO
Thomas Delaine;Paris FC;FC Metz;600 miles €;600000;VERANO
Mats Möller Daehli;SC Freiburg;FC St. Pauli;600 miles €;600000;VERANO
Leon Guwara;Werder Bremen;FC Utrecht;600 miles €;600000;VERANO
Leandro Cabrera;Crotone;Getafe CF;600 miles €;600000;VERANO
Brendan Hines-Ike;Örebro SK;KV Kortrijk;600 miles €;600000;VERANO
Martín Cáceres;Hellas Verona;Lazio;600 miles €;600000;INVIERNO
Yannick Gomis;US Orléans;Lens;600 miles €;600000;VERANO
Badr Boulahroud;FUS Rabat;Málaga CF;600 miles €;600000;VERANO
Ehsan Hajsafi;Panionios;Olympiacos FC;600 miles €;600000;INVIERNO
Deni Alar;Sturm Graz;Rapid Viena;600 miles €;600000;VERANO
Vicente Gómez;UD Las Palmas;RC Deportivo;600 miles €;600000;VERANO
Marco Pinato;Venezia;Sassuolo;600 miles €;600000;VERANO
Andraz Sporar;FC Basel;Slo. Bratislava;600 miles €;600000;INVIERNO
Kenan Bajric;Olimpija;Slo. Bratislava;600 miles €;600000;INVIERNO
Ionut Nedelcearu;Dinamo Bucarest;Ufa;600 miles €;600000;INVIERNO
Othman El Kabir;Djurgarden;Ural;600 miles €;600000;INVIERNO
Mahmoud Abdelaziz;Smouha;Zamalek;600 miles €;600000;INVIERNO
Ben Stevenson;Coventry City;Wolverhampton;570 miles €;570000;INVIERNO
Hamdi Nagguez;ES Sahel;Zamalek;570 miles €;570000;INVIERNO
Yosuke Ideguchi;Gamba Osaka;Leeds;560 miles €;560000;INVIERNO
Aapo Halme;HJK Helsinki;Leeds;560 miles €;560000;INVIERNO
Barrie McKay;Nottm Forest;Swansea City;560 miles €;560000;VERANO
Sherel Floranus;Sparta R.;Heerenveen;550 miles €;550000;VERANO
Youcef Atal;Paradou AC;KV Kortrijk;550 miles €;550000;VERANO
Oumar Solet;Stade Laval;Olymp. Lyonnais;550 miles €;550000;VERANO
Christoph Knasmüllner;FC Barnsley;Rapid Viena;550 miles €;550000;VERANO
Jalil Elías;Newell's;CD Godoy Cruz;520 miles €;520000;VERANO
Majid Hosseini;Esteghlal FC;Trabzonspor;517 miles €;517000;VERANO
Madson;Vasco da Gama;Grêmio;513 miles €;513000;INVIERNO
Kyle Lafferty;Heart of Midl.;Rangers FC;502 miles €;502000;VERANO
Christian Mathenia;Hamburgo;1.FC Nürnberg;500 miles €;500000;VERANO
Franco Escobar;Newell's;Atlanta United;500 miles €;500000;INVIERNO
Afonso Caetano;Leiria;Braga B;500 miles €;500000;INVIERNO
Simon Andersson;Halmstad;Brentford B;500 miles €;500000;VERANO
Stefano Sabelli;Bari;Brescia;500 miles €;500000;VERANO
Mikael Uhre;SønderjyskE;Brøndby IF;500 miles €;500000;VERANO
Charalampos Lykogiannis;Sturm Graz;Cagliari;500 miles €;500000;INVIERNO
Luis Milla;CF Fuenlabrada;CD Tenerife;500 miles €;500000;INVIERNO
Stephen Eustáquio;Leixões;Chaves;500 miles €;500000;INVIERNO
Luan Peres;Ituano;Club Brugge;500 miles €;500000;VERANO
Mirko Carretta;Ternana;Cremonese;500 miles €;500000;VERANO
Kristijan Bistrovic;Slaven Belupo;CSKA Moscú;500 miles €;500000;INVIERNO
Miguel Cardoso;Tondela;Dinamo Moskva;500 miles €;500000;VERANO
Marius Wolf;Hannover 96;E. de Francfort;500 miles €;500000;VERANO
Islam Issa;El Nasr;El Masry;500 miles €;500000;INVIERNO
El Fardou Ben;Olympiacos FC;Estrella Roja;500 miles €;500000;INVIERNO
Marin Tomasov;HNK Rijeka;FC Astana;500 miles €;500000;VERANO
Christoph Knasmüllner;Admira Wacker;FC Barnsley;500 miles €;500000;INVIERNO
Joel Untersee;Juventus;FC Empoli;500 miles €;500000;VERANO
Agyemang Diawusie;RB Leipzig;FC Ingolstadt;500 miles €;500000;VERANO
Robin Krauße;SC Paderborn;FC Ingolstadt;500 miles €;500000;VERANO
Otar Kakabadze;Gimnàstic;FC Luzern;500 miles €;500000;VERANO
Charles Traoré;Troyes;FC Nantes;500 miles €;500000;VERANO
Henk Veerman;Heerenveen;FC St. Pauli;500 miles €;500000;VERANO
Marco Capuano;Cagliari;Frosinone;500 miles €;500000;VERANO
Rifet Kapic;ND Gorica;Grasshoppers;500 miles €;500000;INVIERNO
Steliano Filip;Dinamo Bucarest;Hajduk Split;500 miles €;500000;INVIERNO
Leandro Fernandes;PSV U19;Juventus U19;500 miles €;500000;INVIERNO
Marko Jevtovic;Partizan;Konyaspor;500 miles €;500000;VERANO
Hólmar Örn Eyjólfsson;Maccabi Haifa;Levski Sofia;500 miles €;500000;VERANO
Éder;LOSC Lille;Loko Moskva;500 miles €;500000;VERANO
May Mahlangu;Dinamo Bucarest;Ludogorets;500 miles €;500000;VERANO
Romain Gall;GIF Sundsvall;Malmö FF;500 miles €;500000;VERANO
Sammy Skytte;Silkeborg IF;Midtjylland;500 miles €;500000;VERANO
Jordan Larsson;NEC Nijmegen;Norrköping;500 miles €;500000;INVIERNO
Redouane Kerrouche;Paris FC;OH Leuven;500 miles €;500000;VERANO
Sasa Zdjelar;Olympiacos FC;Partizan;500 miles €;500000;VERANO
Norbert Gyömbér;AS Roma;Perugia;500 miles €;500000;VERANO
Giangiacomo Magnani;Siracusa;Perugia;500 miles €;500000;INVIERNO
Fabio Morselli;Juventus U19;Pescara U19;500 miles €;500000;INVIERNO
Tomás Podstawski;Vitória Setúbal;Pogon Szczecin;500 miles €;500000;VERANO
Alberto García;Getafe CF;Rayo Vallecano;500 miles €;500000;VERANO
Alexander Söderlund;St-Étienne;Rosenborg BK;500 miles €;500000;INVIERNO
Ayaz Guliev;Spartak-2;Rostov;500 miles €;500000;VERANO
Amara Baby;RSC Charleroi;Royal Amberes;500 miles €;500000;VERANO
Jérémy Perbet;Club Brugge;RSC Charleroi;500 miles €;500000;VERANO
Romain Grange;FC Niort;RSC Charleroi;500 miles €;500000;INVIERNO
Marlon Ritter;F. Düsseldorf;SC Paderborn;500 miles €;500000;VERANO
Dani Escriche;CD Lugo;SD Huesca;500 miles €;500000;VERANO
Joey Pelupessy;Heracles Almelo;Sheff Wed;500 miles €;500000;INVIERNO
Iñigo Ruiz de Galarreta;FC Barcelona B;UD Las Palmas;500 miles €;500000;VERANO
Fidel;UD Almería;UD Las Palmas;500 miles €;500000;VERANO
Florian Hübner;Hannover 96;Union Berlin;500 miles €;500000;VERANO
Joshua Mees;TSG Hoffenheim;Union Berlin;500 miles €;500000;VERANO
Erik Thommy;FC Augsburg;VfB Stuttgart;500 miles €;500000;INVIERNO
Pavao Pervan;LASK;VfL Wolfsburg;500 miles €;500000;VERANO
Hamdi Harbaoui;RSC Anderlecht;Zulte Waregem;500 miles €;500000;INVIERNO
Mehdi Taremi;Persepolis;Al Gharafa;492 miles €;492000;INVIERNO
Marcel Mehlem;Karlsruher SC;Saint Gilloise;480 miles €;480000;VERANO
Luis Abram;Sport. Cristal;Vélez Sarsfield;480 miles €;480000;INVIERNO
Sebastián Ribas;Karpaty;Lanús;470 miles €;470000;VERANO
Kyu-baek Choi;Ulsan;V-V. Nagasaki;460 miles €;460000;INVIERNO
Mohamed Sherif;Wadi Degla;Ahly;450 miles €;450000;INVIERNO
Julio Buffarini;São Paulo;Boca Juniors;450 miles €;450000;INVIERNO
George Tucudean;FC Viitorul;CFR Cluj;450 miles €;450000;INVIERNO
Elvir Koljic;FK Krupa;CS U Craiova;450 miles €;450000;VERANO
Ádám Gyurcsó;Pogon Szczecin;Hajduk Split;450 miles €;450000;VERANO
Billy Bodin;Bristol Rovers;Preston NE;450 miles €;450000;INVIERNO
Sidnei;RC Deportivo;Real Betis;4,50 mill. €;450000;VERANO
James Lawrence;AS Trencin;RSC Anderlecht;450 miles €;450000;VERANO
Ricky Holmes;Charlton;Sheffield Utd.;450 miles €;450000;INVIERNO
Gianmarco Zigoni;AC Milan;Venezia;450 miles €;450000;VERANO
Marwan Kabha;Maribor;H. Beer Sheva;440 miles €;440000;INVIERNO
Cedric Itten;FC Basel;FC St. Gallen;430 miles €;430000;VERANO
Florentin Matei;HNK Rijeka;Ittihad Kalba;430 miles €;430000;VERANO
Juan Ferney Otero;Fortaleza CEIF;Estudiantes;420 miles €;420000;INVIERNO
Kevin Dawson;Plaza Colonia;Peñarol;420 miles €;420000;INVIERNO
Oriol Rosell;Sporting CP;Orlando City SC;402 miles €;402000;INVIERNO
Sivert Heltne Nilsen;SK Brann;AC Horsens;400 miles €;400000;VERANO
Ima Andriatsima;FC Sochaux;AC Le Havre;400 miles €;400000;INVIERNO
Christos Albanis;Apollon Smyrnis;AEK Atenas;400 miles €;400000;VERANO
Paul Anton;Dinamo Bucarest;Anzhi;400 miles €;400000;INVIERNO
Yusupha Njie;FUS Rabat;Boavista;400 miles €;400000;VERANO
José Naranjo;KRC Genk;CD Tenerife;400 miles €;400000;VERANO
Francesco Renzetti;Genoa CFC;Cremonese;400 miles €;400000;VERANO
Jaka Bijol;Rudar Velenje;CSKA Moscú;400 miles €;400000;VERANO
Fedor Chernykh;Jagiellonia;Dinamo Moskva;400 miles €;400000;INVIERNO
Damian Kadzior;Górnik Zabrze;Dinamo Zagreb;400 miles €;400000;VERANO
Marijan Cavar;Zrinjski Mostar;E. de Francfort;400 miles €;400000;INVIERNO
Catalin Golofca;FCSB;FC Botosani;400 miles €;400000;INVIERNO
Laurent Jans;Waasl.-Beveren;FC Metz;400 miles €;400000;VERANO
Mihai Roman;FC Botosani;FCSB;400 miles €;400000;VERANO
Kamer Qaka;FC Poli Iasi;FCSB;400 miles €;400000;VERANO
Oliver Kragl;Crotone;Foggia;400 miles €;400000;VERANO
Francesco Nicastro;Pescara;Foggia;400 miles €;400000;VERANO
Ömer Bayram;Akhisarspor;Galatasaray;400 miles €;400000;VERANO
Clément Tainmont;RSC Charleroi;KV Mechelen;400 miles €;400000;INVIERNO
Marko Vesovic;HNK Rijeka;Legia Warszawa;400 miles €;400000;INVIERNO
Ayo Simon Okosun;AC Horsens;Midtjylland;400 miles €;400000;VERANO
Carlos Castro;Sporting;RCD Mallorca;400 miles ;400000;VERANO
Sébastien Siani;KV Oostende;Royal Amberes;400 miles €;400000;INVIERNO
Ondrej Kudela;Slovan Liberec;Slavia Praha;400 miles €;400000;INVIERNO
Rúben Ribeiro;Rio Ave FC;Sporting CP;400 miles €;400000;INVIERNO
Vid Belec;Benevento;UC Sampdoria;400 miles €;400000;VERANO
Lovro Bizjak;Domžale;Ufa;450 miles €;400000;VERANO
Rodrigo Salinas;Al-Ettifaq;Vélez Sarsfield;400 miles €;400000;INVIERNO
Guido Mainero;Instituto;Vélez Sarsfield;400 miles €;400000;INVIERNO
Ibrahim El Baz;CA Khénifra;Wydad AC;400 miles €;400000;VERANO
Arthur;Londrina-PR;Chapecoense;390 miles €;390000;INVIERNO
Klaus;Juventude;Internacional;390 miles €;390000;INVIERNO
Matías Rodríguez;Chacarita Jrs;Ferencváros;385 miles €;385000;VERANO
Ahmed Mostafa;Petrojet;KAA Gent;380 miles €;380000;VERANO
Timmy Thiele;Carl Zeiss Jena;1.FC K'lautern;375 miles €;375000;VERANO
Aleksandar Ignjovski;SC Freiburg;1.FC Magdeburg;350 miles €;350000;VERANO
James;KF Skënderbeu;FK Gabala;350 miles €;350000;VERANO
Ulrik Jenssen;Tromsø;Nordsjælland;350 miles €;350000;INVIERNO
Janus Drachmann;Midtjylland;Odense BK;350 miles €;350000;VERANO
Nemanja Nikolic;Spartak;Partizan;350 miles €;350000;VERANO
Clint Leemans;VVV-Venlo;PEC Zwolle;350 miles €;350000;VERANO
Andrea Bianchimano;Reggina;Perugia;350 miles €;350000;INVIERNO
Adam Buksa;Zag??bie;Pogon Szczecin;350 miles €;350000;VERANO
Graham Burke;Shamrock Rovers;Preston NE;350 miles €;350000;VERANO
Matías Vera;Nueva Chicago;San Lorenzo;350 miles €;350000;INVIERNO
Enrico Brignola;Benevento;Sassuolo;3,50 mill. €;350000;VERANO
Serdar Dursun;Greuther Fürth;SV Darmstadt 98;350 miles €;350000;VERANO
Zargo Touré;FC Lorient;Trabzonspor;350 miles €;350000;VERANO
Jairo Samperio;1.FSV Mainz 05;UD Las Palmas;350 miles €;350000;INVIERNO
Pavel Savitskiy;Neman Grodno;Dinamo Brest;345 miles €;345000;INVIERNO
Aleksandar Vukotic;FK Krupa;Waasl.-Beveren;345 miles €;345000;VERANO
Danny Wilson;Rangers FC;Colorado;341 miles €;341000;INVIERNO
Lewis Morgan;St. Mirren;Celtic FC;340 miles €;340000;INVIERNO
Brayan Cortés;CD Iquique;Colo Colo;340 miles €;340000;INVIERNO
Régis;Sport Recife;São Paulo;340 miles €;340000;INVIERNO
James Vaughan;AFC Sunderland;Wigan;340 miles €;340000;INVIERNO
Jamie Walker;Heart of Midl.;Wigan;340 miles €;340000;INVIERNO
Hamza El Moussaoui;Moghreb Tétouan;FAR Rabat;334 miles €;334000;VERANO
Benny Feilhaber;Kansas;Los Angeles FC;334 miles €;334000;INVIERNO
Michael Hefele;Huddersfield;Nottm Forest;330 miles €;330000;VERANO
Leonardo Sequeira;Club Atlético Central Córdoba (SdE);Belgrano;315 miles €;315000;VERANO
Juan Salgueiro;Nacional;Libertad;302 miles €;302000;VERANO
Samuel Souprayen;Hellas Verona;AJ Auxerre;300 miles €;300000;VERANO
Jovan Pavlovic;Zeljeznicar BL;AS Trencin;300 miles €;300000;INVIERNO
Denílson;Granada CF B;Atlético-MG;300 miles €;300000;VERANO
Erik Sabo;PAOK;B. Jerusalem;300 miles €;300000;VERANO
Moussa Koné;Frosinone;BB Erzurumspor;300 miles €;300000;VERANO
Amari'i Bell;Fleetwood;Blackburn;300 miles €;300000;INVIERNO
Besar Halimi;1.FSV Mainz 05;Brøndby IF;300 miles €;300000;VERANO
Abdullahi Shehu;Anorthosis;Bursaspor;300 miles €;300000;INVIERNO
Robert Mazan;MSK Zilina;Celta de Vigo;300 miles €;300000;INVIERNO
Strahinja Tanasijevic;FK Rad;Chievo Verona;300 miles €;300000;VERANO
Niccolò Zanellato;AC Milan;Crotone;300 miles €;300000;VERANO
Maurides;Belenenses;CSKA Sofia;300 miles €;300000;VERANO
Marin Leovac;PAOK;Dinamo Zagreb;300 miles €;300000;VERANO
Frederik Tingager;Odense BK;E. Braunschweig;300 miles €;300000;INVIERNO
Pascal Testroet;Dynamo Dresden;Erzgebirge Aue;300 miles €;300000;VERANO
Dejan Meleg;Kayserispor;Estrella Roja;300 miles €;300000;VERANO
Deyovaisio Zeefuik;AFC Ajax;FC Groningen;300 miles €;300000;VERANO
Matthieu Saunier;Granada CF;FC Lorient;300 miles €;300000;VERANO
Valon Fazliu;Grasshoppers;FC Lugano;300 miles €;300000;VERANO
Rene Krhin;Granada CF;FC Nantes;300 miles €;300000;VERANO
Marvin Knoll;Jahn Regensburg;FC St. Pauli;300 miles €;300000;VERANO
Alexandru Stan;Astra Giurgiu;FCSB;300 miles €;300000;VERANO
Nicola Citro;Trapani;Frosinone;300 miles €;300000;VERANO
Souleyman Doumbia;Bari;Grasshoppers;300 miles €;300000;VERANO
Michel;Novorizontino;Grêmio;300 miles €;300000;INVIERNO
Lucas Bijker;Cádiz CF;KV Mechelen;300 miles €;300000;VERANO
Aristote Nkaka;Mouscron;KV Oostende;300 miles €;300000;INVIERNO
Wout Faes;RSC Anderlecht;KV Oostende;300 miles €;300000;VERANO
Jean-Louis Leca;AC Ajaccio;Lens;300 miles €;300000;VERANO
Khaly Thiam;MTK Budapest;Levski Sofia;300 miles €;300000;VERANO
Kenan Piric;Zrinjski Mostar;Maribor;300 miles €;300000;VERANO
Marko Mihojevic;FK Sarajevo;PAOK;300 miles €;300000;INVIERNO
Gustavo Hamer;Feyenoord;PEC Zwolle;300 miles €;300000;VERANO
Zvonimir Kozulj;Hajduk Split;Pogon Szczecin;300 miles €;300000;VERANO
Mirko Pigliacelli;Pescara;Pro Vercelli;300 miles €;300000;VERANO
Ali Gholizadeh;Saipa FC;RSC Charleroi;300 miles €;300000;VERANO
Eugenio Lamanna;Genoa CFC;Spezia Calcio;300 miles €;300000;VERANO
Álvaro Lemos;Celta de Vigo;UD Las Palmas;300 miles €;300000;VERANO
Stefanos Kapino;Nottm Forest;Werder Bremen;300 miles €;300000;VERANO
Omar El Said;Wadi Degla;Zamalek;300 miles €;300000;VERANO
Johnny Russell;Derby;Kansas;280 miles €;280000;INVIERNO
Oussama Darragi;Umm Salal;Wydad AC;277 miles €;277000;VERANO
Jakub Czerwinski;Legia Warszawa;Piast Gliwice;275 miles €;275000;VERANO
Umut Meras;Boluspor;Bursaspor;265 miles €;265000;VERANO
Emmersón;Olimpik Donetsk;Vejle BK;265 miles €;265000;VERANO
Elias;Juventude;Chapecoense;260 miles €;260000;INVIERNO
Felipe Saavedra;San Luis;U. de Chile;255 miles €;255000;INVIERNO
Jérémy Ménez;Antalyaspor;América;250 miles €;250000;INVIERNO
Rody de Boer;Telstar;AZ Alkmaar;250 miles €;250000;VERANO
Jannis Nikolaou;Würzb. Kickers;Dynamo Dresden;250 miles €;250000;VERANO
Frederic Ananou;Roda JC;FC Ingolstadt;250 miles €;250000;INVIERNO
Joris Sainati;AC Ajaccio;FC Lorient;250 miles €;250000;VERANO
Daniel Keita-Ruel;SC Fortuna Köln;Greuther Fürth;250 miles €;250000;VERANO
Hebert;Piast Gliwice;JEF Utd. Chiba;250 miles €;250000;INVIERNO
Nikola Storm;Club Brugge;KV Mechelen;250 miles €;250000;VERANO
William Togui;SC Gagnoa;KV Mechelen;250 miles €;250000;VERANO
Florian Jamnig;FC Wacker;LASK;250 miles €;250000;VERANO
Enis Fazlagic;Shkendija;MSK Zilina;250 miles €;250000;VERANO
Domagoj Drozdek;NK Varazdin;NK Lokomotiva;250 miles €;250000;VERANO
Ramon Leeuwin;FC Utrecht;Odense BK;250 miles €;250000;VERANO
Elton Acolatse;Club Brugge;Sint-Truiden;250 miles €;250000;VERANO
Luca Mora;SPAL;Spezia Calcio;250 miles €;250000;INVIERNO
Joona Toivio;Molde FK;Termalica;250 miles €;250000;INVIERNO
Rasmus Thelander;FC Zürich;Vitesse;250 miles €;250000;VERANO
Alexis Gamboa;Santos FC;Waasl.-Beveren;250 miles €;250000;VERANO
Yuri;GO Audax;Santos FC;235 miles €;235000;INVIERNO
Hyeon-cheol Jeong;Gyeongnam FC;FC Seoul;230 miles €;230000;INVIERNO
Josh Magennis;Charlton;Bolton;225 miles €;225000;VERANO
Cameron Brannagan;Liverpool U23;Oxford United;225 miles €;225000;INVIERNO
Niklas Hult;Panathinaikos;AEK Atenas;200 miles €;200000;INVIERNO
François Bellugou;Troyes;AJ Auxerre;200 miles €;200000;VERANO
Georgi Kostadinov;Maccabi Haifa;Arsenal Tula;200 miles €;200000;VERANO
Vladimir Gabulov;Arsenal Tula;Club Brugge;200 miles €;200000;INVIERNO
Cornel Rapa;Pogon Szczecin;Cracovia Kraków;200 miles €;200000;VERANO
Ovidiu Bic;Gaz Metan;CS U Craiova;200 miles €;200000;INVIERNO
Evgeni Markov;Tosno;Dinamo Moskva;200 miles €;200000;INVIERNO
Nicklas Bärkroth;Lech Poznan;Djurgarden;200 miles €;200000;VERANO
Stefan Hajdin;Spartak;Estrella Roja;200 miles €;200000;INVIERNO
Enric Gallego;Cornellà;Extremadura;200 miles €;200000;INVIERNO
Banou Diawara;Smouha;FAR Rabat;200 miles €;200000;INVIERNO
Arturo Calabresi;AS Roma;FC Bologna;200 miles €;200000;VERANO
André Vidigal;Coimbra;Fortuna Sittard;200 miles €;200000;INVIERNO
Julian Green;VfB Stuttgart;Greuther Fürth;200 miles €;200000;VERANO
Paul Jaeckel;VfL Wolfsburg;Greuther Fürth;200 miles €;200000;VERANO
Kristal Abazaj;FC Luftëtari;KF Skënderbeu;200 miles €;200000;INVIERNO
Davide Riccardi;Hellas Verona;Lecce;200 miles €;200000;VERANO
Bubacarr Sanneh;AC Horsens;Midtjylland;200 miles €;200000;INVIERNO
Andrea Vallocchia;Sambenedettese;Olbia;200 miles €;200000;VERANO
Dimitrios Manos;OFI Creta;Olympiacos FC;200 miles €;200000;VERANO
Moataz Zemzemi;Cub Africain;R. Strasbourg;200 miles €;200000;INVIERNO
Sambou Yatabaré;Werder Bremen;Royal Amberes;200 miles €;200000;VERANO
Leonardo Sernicola;Ternana;Sassuolo;200 miles €;200000;VERANO
Niclas Thiede;VfL Bochum U19;SC Freiburg II;200 miles €;200000;VERANO
Olivier Thill;Pr. Niederkorn;Ufa;250 miles €;200000;VERANO
Levy Madinda;Asteras Tripoli;Ümraniyespor;200 miles €;200000;VERANO
Abdelhakim Bassaine;Rapide Oued Zem;Hassania;190 miles €;190000;VERANO
Abderrahim Makran;CR Al Hoceima;FUS Rabat;181 miles €;181000;VERANO
Abderrahmane Bourdim;JS Saoura;MC Algier;180 miles €;180000;VERANO
John Bostock;Lens;Bursaspor;175 miles €;175000;INVIERNO
Omar Bassam;Pyramids FC;El Makasa;170 miles €;170000;VERANO
Paddy Madden;Scunthorpe Utd.;Fleetwood;170 miles €;170000;INVIERNO
Antonio Vutov;Udinese Calcio;Botev Plovdiv;150 miles €;150000;VERANO
Chiquinho;NK Lokomotiva;Coimbra;150 miles €;150000;INVIERNO
Xande Silva;Guimarães B;West Ham U23;1,50 mill. €;150000;VERANO
Erik Morán;CD Leganés;AEK Atenas;130 miles €;130000;INVIERNO
Paulo Roberto;GO Audax;Corinthians;130 miles €;130000;INVIERNO
Kamil Zapolnik;GKS Tychy;Górnik Zabrze;125 miles €;125000;VERANO
Piotr Tomasik;Jagiellonia;Lech Poznan;125 miles €;125000;INVIERNO
Emanuele Gatto;Chievo Verona;Alessandria;100 miles €;100000;INVIERNO
Anderson Lucoqui;F. Düsseldorf;Arm. Bielefeld;100 miles €;100000;VERANO
Aron Sigurdarson;Tromsø;IK Start;100 miles €;100000;INVIERNO
Jiri Skalak;Brighton;Millwall;1,00 mill. €;100000;VERANO
Danny Hoesen;FC Groningen;Quakes;100 miles €;100000;INVIERNO
Edimar;Cruzeiro;São Paulo;100 miles €;100000;INVIERNO
Lukasz Sekulski;Jagiellonia;SKA Khabarovsk;100 miles €;100000;INVIERNO
Darko Bjedov;KAA Gent II;Vojvodina;100 miles €;100000;VERANO
Zoran Popovic;Bodø/Glimt;Estrella Roja;80 miles €;80000;VERANO
Jakub Wojcicki;Cracovia Kraków;Jagiellonia;38 miles €;38000;INVIERNO
